<?xml version="1.0" encoding="utf-8"?>
<COLLADA xmlns="http://www.collada.org/2005/11/COLLADASchema" version="1.4.1">
	<asset>
		<up_axis>Y_UP</up_axis>
		<unit name="meter" meter="1" />
	</asset>
	<library_images>
		<image id="GlowBlue" name="GlowBlue">
			<init_from>img_Team02/2-2.png</init_from>
		</image>
		<image id="lambert10" name="lambert10">
			<init_from>img_Team02/0-0.png</init_from>
		</image>
		<image id="lambert11" name="lambert11">
			<init_from>img_Team02/1-1.png</init_from>
		</image>
	</library_images>
	<library_materials>
		<material id="GlowBlue-material" name="GlowBlue_mat">
			<instance_effect url="#GlowBlue-effect" />
		</material>
		<material id="GlowGreen-material" name="GlowGreen_mat">
			<instance_effect url="#GlowGreen-effect" />
		</material>
		<material id="GlowOrange-material" name="GlowOrange_mat">
			<instance_effect url="#GlowOrange-effect" />
		</material>
		<material id="GlowRed-material" name="GlowRed_mat">
			<instance_effect url="#GlowRed-effect" />
		</material>
		<material id="GlowYellow-material" name="GlowYellow_mat">
			<instance_effect url="#GlowYellow-effect" />
		</material>
		<material id="lambert10-material" name="lambert10_mat">
			<instance_effect url="#lambert10-effect" />
		</material>
		<material id="lambert11-material" name="lambert11_mat">
			<instance_effect url="#lambert11-effect" />
		</material>
	</library_materials>
	<library_geometries>
		<geometry id="geometry1" name="geom1">
			<mesh>
				<source id="geometry1-positions">
					<float_array id="geometry1-positions-array" count="297">-0.038330 0.045410 -0.216309 -0.041260 0.042969 -0.216309 -0.042480 0.048096 -0.123779 -0.045654 0.045166 -0.119629 -0.042480 0.048096 -0.123779 -0.041260 0.042969 -0.216309 -0.042480 0.048096 -0.123779 -0.045654 0.045166 -0.119629 -0.039795 0.051270 -0.118408 -0.037598 0.054932 -0.102051 -0.039795 0.051270 -0.118408 -0.045654 0.045166 -0.119629 -0.039795 0.051270 -0.118408 -0.037598 0.054932 -0.102051 -0.032227 0.050293 -0.216309 -0.054932 0.023193 -0.037842 -0.046143 0.043213 -0.040527 -0.046387 0.041504 -0.049561 -0.035400 0.059082 -0.043213 -0.046387 0.041504 -0.049561 -0.046143 0.043213 -0.040527 -0.046387 0.041504 -0.049561 -0.035400 0.059082 -0.043213 -0.039307 0.052734 -0.068115 -0.036621 0.056152 -0.085449 -0.039307 0.052734 -0.068115 -0.035400 0.059082 -0.043213 -0.054932 0.023193 -0.037842 -0.041260 0.017334 -0.021973 -0.046143 0.043213 -0.040527 -0.033936 0.033203 -0.021973 -0.046143 0.043213 -0.040527 -0.041260 0.017334 -0.021973 -0.046143 0.043213 -0.040527 -0.033936 0.033203 -0.021973 -0.022461 0.044678 -0.029785 0.017822 0.061035 -0.093018 0.021484 0.060303 -0.100342 0.018311 0.060059 -0.171387 0.021973 0.055664 -0.216309 0.018311 0.060059 -0.171387 0.021484 0.060303 -0.100342 0.000977 0.059814 -0.216309 0.000977 0.062012 -0.189697 0.021973 0.055664 -0.216309 0.018311 0.060059 -0.171387 0.021973 0.055664 -0.216309 0.000977 0.062012 -0.189697 -0.022949 0.055664 -0.216309 -0.022217 0.060303 -0.100342 -0.019043 0.060059 -0.171387 -0.018555 0.061035 -0.093018 -0.019043 0.060059 -0.171387 -0.022217 0.060303 -0.100342 -0.032227 0.050293 -0.216309 -0.037598 0.054932 -0.102051 -0.026855 0.053955 -0.216309 -0.032471 0.058350 -0.094482 -0.026855 0.053955 -0.216309 -0.037598 0.054932 -0.102051 -0.032471 0.058350 -0.094482 -0.037598 0.054932 -0.102051 -0.031982 0.059082 -0.085205 -0.036621 0.056152 -0.085449 -0.031982 0.059082 -0.085205 -0.037598 0.054932 -0.102051 -0.000488 0.059814 -0.216309 -0.022949 0.055664 -0.216309 -0.000488 0.062012 -0.189697 -0.019043 0.060059 -0.171387 -0.000488 0.062012 -0.189697 -0.022949 0.055664 -0.216309 -0.000488 0.059814 -0.216309 -0.000488 0.062012 -0.189697 0.000977 0.062012 -0.189697 0.000977 0.062012 -0.189697 0.000977 0.059814 -0.216309 -0.000488 0.059814 -0.216309 0.017822 0.061035 -0.093018 0.031494 0.058350 -0.094482 0.021484 0.060303 -0.100342 0.031250 0.059082 -0.085205 0.031494 0.058350 -0.094482 0.017822 0.061035 -0.093018 -0.018555 0.061035 -0.093018 -0.022217 0.060303 -0.100342 -0.032471 0.058350 -0.094482 -0.031982 0.059082 -0.085205 -0.018555 0.061035 -0.093018 -0.032471 0.058350 -0.094482 -0.039795 0.051270 -0.118408 -0.032227 0.050293 -0.216309 -0.035156 0.047852 -0.216309 -0.035400 0.059082 -0.043213 -0.046143 0.043213 -0.040527 -0.022461 0.044678 -0.029785 -0.031982 0.059082 -0.085205 -0.036621 0.056152 -0.085449 -0.035400 0.059082 -0.043213 </float_array>
					<technique_common>
						<accessor source="#geometry1-positions-array" count="99" stride="3">
							<param name="X" type="float" />
							<param name="Y" type="float" />
							<param name="Z" type="float" />
						</accessor>
					</technique_common>
				</source>
				<source id="geometry1-normals">
					<float_array id="geometry1-normals-array" count="297">-0.639353 0.767224 -0.050946 -0.639353 0.767224 -0.050946 -0.639353 0.767224 -0.050946 -0.710833 0.701703 -0.048258 -0.710833 0.701703 -0.048258 -0.710833 0.701703 -0.048258 -0.714843 0.697156 -0.054534 -0.714843 0.697156 -0.054534 -0.714843 0.697156 -0.054534 -0.714030 0.697518 -0.060246 -0.714030 0.697518 -0.060246 -0.714030 0.697518 -0.060246 -0.709508 0.701977 -0.061852 -0.709508 0.701977 -0.061852 -0.709508 0.701977 -0.061852 -0.916951 0.395842 -0.050107 -0.916951 0.395842 -0.050107 -0.916951 0.395842 -0.050107 -0.831702 0.549218 -0.081428 -0.831702 0.549218 -0.081428 -0.831702 0.549218 -0.081428 -0.847625 0.530592 -0.002288 -0.847625 0.530592 -0.002288 -0.847625 0.530592 -0.002288 -0.823105 0.567676 -0.015587 -0.823105 0.567676 -0.015587 -0.823105 0.567676 -0.015587 -0.632409 0.369010 0.681095 -0.632409 0.369010 0.681095 -0.632409 0.369010 0.681095 -0.700922 0.323502 0.635654 -0.700922 0.323502 0.635654 -0.700922 0.323502 0.635654 -0.319134 0.730337 0.603954 -0.319134 0.730337 0.603954 -0.319134 0.730337 0.603954 0.174554 0.984584 -0.011181 0.174554 0.984584 -0.011181 0.174554 0.984584 -0.011181 0.598696 0.800433 -0.029496 0.598696 0.800433 -0.029496 0.598696 0.800433 -0.029496 0.193289 0.977814 -0.080737 0.193289 0.977814 -0.080737 0.193289 0.977814 -0.080737 0.194444 0.977663 -0.079790 0.194444 0.977663 -0.079790 0.194444 0.977663 -0.079790 -0.582500 0.812320 -0.028814 -0.582500 0.812320 -0.028814 -0.582500 0.812320 -0.028814 -0.174554 0.984584 -0.011181 -0.174554 0.984584 -0.011181 -0.174554 0.984584 -0.011181 -0.562325 0.824743 -0.059917 -0.562325 0.824743 -0.059917 -0.562325 0.824743 -0.059917 -0.497309 0.865881 -0.054156 -0.497309 0.865881 -0.054156 -0.497309 0.865881 -0.054156 -0.511837 0.858113 -0.040807 -0.511837 0.858113 -0.040807 -0.511837 0.858113 -0.040807 -0.532577 0.845819 -0.030865 -0.532577 0.845819 -0.030865 -0.532577 0.845819 -0.030865 -0.181110 0.980127 -0.080928 -0.181110 0.980127 -0.080928 -0.181110 0.980127 -0.080928 -0.182138 0.980010 -0.080032 -0.182138 0.980010 -0.080032 -0.182138 0.980010 -0.080032 0.000000 0.996609 -0.082289 0.000000 0.996609 -0.082289 0.000000 0.996609 -0.082289 0.000000 0.996609 -0.082289 0.000000 0.996609 -0.082289 0.000000 0.996609 -0.082289 0.192554 0.981285 -0.001851 0.192554 0.981285 -0.001851 0.192554 0.981285 -0.001851 0.184751 0.980106 -0.072515 0.184751 0.980106 -0.072515 0.184751 0.980106 -0.072515 -0.189116 0.981948 -0.003637 -0.189116 0.981948 -0.003637 -0.189116 0.981948 -0.003637 -0.182159 0.980925 -0.067854 -0.182159 0.980925 -0.067854 -0.182159 0.980925 -0.067854 -0.639141 0.766970 -0.057061 -0.639141 0.766970 -0.057061 -0.639141 0.766970 -0.057061 -0.397909 0.408380 0.821520 -0.397909 0.408380 0.821520 -0.397909 0.408380 0.821520 -0.531863 0.845723 -0.043291 -0.531863 0.845723 -0.043291 -0.531863 0.845723 -0.043291 </float_array>
					<technique_common>
						<accessor source="#geometry1-normals-array" count="99" stride="3">
							<param name="X" type="float" />
							<param name="Y" type="float" />
							<param name="Z" type="float" />
						</accessor>
					</technique_common>
				</source>
				<source id="geometry1-colors">
					<float_array id="geometry1-colors-array" count="297">1.000000 1.000000 1.000000 1.000000 1.000000 1.000000 1.000000 1.000000 1.000000 1.000000 1.000000 1.000000 1.000000 1.000000 1.000000 1.000000 1.000000 1.000000 1.000000 1.000000 1.000000 1.000000 1.000000 1.000000 1.000000 1.000000 1.000000 1.000000 1.000000 1.000000 1.000000 1.000000 1.000000 1.000000 1.000000 1.000000 1.000000 1.000000 1.000000 1.000000 1.000000 1.000000 1.000000 1.000000 1.000000 1.000000 1.000000 1.000000 1.000000 1.000000 1.000000 1.000000 1.000000 1.000000 1.000000 1.000000 1.000000 1.000000 1.000000 1.000000 1.000000 1.000000 1.000000 1.000000 1.000000 1.000000 1.000000 1.000000 1.000000 1.000000 1.000000 1.000000 1.000000 1.000000 1.000000 1.000000 1.000000 1.000000 1.000000 1.000000 1.000000 1.000000 1.000000 1.000000 1.000000 1.000000 1.000000 1.000000 1.000000 1.000000 1.000000 1.000000 1.000000 1.000000 1.000000 1.000000 1.000000 1.000000 1.000000 1.000000 1.000000 1.000000 1.000000 1.000000 1.000000 1.000000 1.000000 1.000000 1.000000 1.000000 1.000000 1.000000 1.000000 1.000000 1.000000 1.000000 1.000000 1.000000 1.000000 1.000000 1.000000 1.000000 1.000000 1.000000 1.000000 1.000000 1.000000 1.000000 1.000000 1.000000 1.000000 1.000000 1.000000 1.000000 1.000000 1.000000 1.000000 1.000000 1.000000 1.000000 1.000000 1.000000 1.000000 1.000000 1.000000 1.000000 1.000000 1.000000 1.000000 1.000000 1.000000 1.000000 1.000000 1.000000 1.000000 1.000000 1.000000 1.000000 1.000000 1.000000 1.000000 1.000000 1.000000 1.000000 1.000000 1.000000 1.000000 1.000000 1.000000 1.000000 1.000000 1.000000 1.000000 1.000000 1.000000 1.000000 1.000000 1.000000 1.000000 1.000000 1.000000 1.000000 1.000000 1.000000 1.000000 1.000000 1.000000 1.000000 1.000000 1.000000 1.000000 1.000000 1.000000 1.000000 1.000000 1.000000 1.000000 1.000000 1.000000 1.000000 1.000000 1.000000 1.000000 1.000000 1.000000 1.000000 1.000000 1.000000 1.000000 1.000000 1.000000 1.000000 1.000000 1.000000 1.000000 1.000000 1.000000 1.000000 1.000000 1.000000 1.000000 1.000000 1.000000 1.000000 1.000000 1.000000 1.000000 1.000000 1.000000 1.000000 1.000000 1.000000 1.000000 1.000000 1.000000 1.000000 1.000000 1.000000 1.000000 1.000000 1.000000 1.000000 1.000000 1.000000 1.000000 1.000000 1.000000 1.000000 1.000000 1.000000 1.000000 1.000000 1.000000 1.000000 1.000000 1.000000 1.000000 1.000000 1.000000 1.000000 1.000000 1.000000 1.000000 1.000000 1.000000 1.000000 1.000000 1.000000 1.000000 1.000000 1.000000 1.000000 1.000000 1.000000 1.000000 1.000000 1.000000 1.000000 1.000000 1.000000 1.000000 1.000000 1.000000 1.000000 1.000000 1.000000 1.000000 1.000000 1.000000 1.000000 1.000000 1.000000 1.000000 1.000000 1.000000 1.000000 1.000000 </float_array>
					<technique_common>
						<accessor source="#geometry1-colors-array" count="99" stride="3">
							<param name="R" type="float" />
							<param name="G" type="float" />
							<param name="B" type="float" />
						</accessor>
					</technique_common>
				</source>
				<source id="geometry1-texcoords">
					<float_array id="geometry1-texcoords-array" count="198">0.192383 0.731934 0.192383 0.703125 0.505371 0.732422 0.518555 0.703613 0.505371 0.732422 0.192383 0.703125 0.505371 0.732422 0.518555 0.703613 0.512207 0.743652 0.588867 0.769531 0.512207 0.743652 0.518555 0.703613 0.512207 0.743652 0.588867 0.769531 0.193848 0.770996 0.934570 0.723633 0.996582 0.730469 0.909180 0.736816 0.997070 0.828125 0.909180 0.736816 0.996582 0.730469 0.909180 0.736816 0.997070 0.828125 0.799316 0.777344 0.710938 0.783203 0.799316 0.777344 0.997070 0.828125 0.570801 0.076172 0.605957 0.166504 0.503418 0.168457 0.552246 0.234863 0.503418 0.168457 0.605957 0.166504 0.503418 0.168457 0.552246 0.234863 0.518555 0.323242 0.693848 0.865723 0.639160 0.833496 0.416992 0.865234 0.181641 0.833496 0.416992 0.865234 0.639160 0.833496 0.181641 0.657715 0.346191 0.657715 0.181641 0.577637 0.346680 0.576660 0.181641 0.577637 0.346191 0.657715 0.181641 0.833496 0.639160 0.833496 0.416992 0.865234 0.693848 0.865723 0.416992 0.865234 0.639160 0.833496 0.194824 0.782227 0.598633 0.782715 0.194824 0.820801 0.640137 0.820801 0.194824 0.820801 0.598633 0.782715 0.640137 0.820801 0.598633 0.782715 0.695313 0.828125 0.694824 0.782715 0.695313 0.828125 0.598633 0.782715 0.181641 0.657715 0.181641 0.577637 0.346191 0.657715 0.346680 0.576660 0.346191 0.657715 0.181641 0.577637 0.317871 0.083008 0.127930 0.083008 0.127930 0.166504 0.127930 0.166504 0.317871 0.166504 0.317871 0.083008 0.693848 0.865723 0.640137 0.820801 0.639160 0.833496 0.695313 0.828125 0.640137 0.820801 0.693848 0.865723 0.693848 0.865723 0.639160 0.833496 0.640137 0.820801 0.695313 0.828125 0.693848 0.865723 0.640137 0.820801 0.512207 0.743652 0.193848 0.770996 0.193848 0.744141 0.451660 0.270508 0.503418 0.168457 0.518555 0.323242 0.712891 0.829102 0.710938 0.783203 0.997070 0.828125 </float_array>
					<technique_common>
						<accessor source="#geometry1-texcoords-array" count="99" stride="2">
							<param name="S" type="float" />
							<param name="T" type="float" />
						</accessor>
					</technique_common>
				</source>
				<vertices id="geometry1-vertices">
					<input semantic="POSITION" source="#geometry1-positions" />
				</vertices>
				<triangles material="#lambert11-material" count="33">
					<input semantic="VERTEX" source="#geometry1-vertices" offset="0" />
					<input semantic="NORMAL" source="#geometry1-normals" offset="1" />
					<input semantic="TEXCOORD" source="#geometry1-texcoords" offset="2" set="1" />
					<input semantic="COLOR" source="#geometry1-colors" offset="3" set="0" />
					<p>0 0 0 0 1 1 1 1 2 2 2 2 3 3 3 3 4 4 4 4 5 5 5 5 6 6 6 6 7 7 7 7 8 8 8 8 9 9 9 9 10 10 10 10 11 11 11 11 12 12 12 12 13 13 13 13 14 14 14 14 15 15 15 15 16 16 16 16 17 17 17 17 18 18 18 18 19 19 19 19 20 20 20 20 21 21 21 21 22 22 22 22 23 23 23 23 24 24 24 24 25 25 25 25 26 26 26 26 27 27 27 27 28 28 28 28 29 29 29 29 30 30 30 30 31 31 31 31 32 32 32 32 33 33 33 33 34 34 34 34 35 35 35 35 36 36 36 36 37 37 37 37 38 38 38 38 39 39 39 39 40 40 40 40 41 41 41 41 42 42 42 42 43 43 43 43 44 44 44 44 45 45 45 45 46 46 46 46 47 47 47 47 48 48 48 48 49 49 49 49 50 50 50 50 51 51 51 51 52 52 52 52 53 53 53 53 54 54 54 54 55 55 55 55 56 56 56 56 57 57 57 57 58 58 58 58 59 59 59 59 60 60 60 60 61 61 61 61 62 62 62 62 63 63 63 63 64 64 64 64 65 65 65 65 66 66 66 66 67 67 67 67 68 68 68 68 69 69 69 69 70 70 70 70 71 71 71 71 72 72 72 72 73 73 73 73 74 74 74 74 75 75 75 75 76 76 76 76 77 77 77 77 78 78 78 78 79 79 79 79 80 80 80 80 81 81 81 81 82 82 82 82 83 83 83 83 84 84 84 84 85 85 85 85 86 86 86 86 87 87 87 87 88 88 88 88 89 89 89 89 90 90 90 90 91 91 91 91 92 92 92 92 93 93 93 93 94 94 94 94 95 95 95 95 96 96 96 96 97 97 97 97 98 98 98 98 </p>
				</triangles>
			</mesh>
		</geometry>
		<geometry id="geometry2" name="geom2">
			<mesh>
				<source id="geometry2-positions">
					<float_array id="geometry2-positions-array" count="81">0.020264 0.041016 -0.037354 0.017822 0.046875 -0.266357 -0.001709 0.044678 -0.037598 -0.001709 0.051025 -0.266357 -0.001709 0.044678 -0.037598 0.017822 0.046875 -0.266357 -0.023682 0.041016 -0.037354 -0.001709 0.044678 -0.037598 -0.021240 0.046875 -0.266357 -0.001709 0.051025 -0.266357 -0.021240 0.046875 -0.266357 -0.001709 0.044678 -0.037598 -0.037842 0.035156 -0.266357 -0.032227 0.030029 -0.045166 -0.021240 0.046875 -0.266357 -0.023682 0.041016 -0.037354 -0.021240 0.046875 -0.266357 -0.032227 0.030029 -0.045166 -0.044678 -0.002197 -0.045166 -0.032227 0.030029 -0.045166 -0.037842 0.035156 -0.266357 -0.037842 0.035156 -0.266357 -0.052734 -0.003418 -0.266357 -0.044678 -0.002197 -0.045166 0.020264 0.041016 -0.037354 0.033203 0.055664 -0.050781 0.017822 0.046875 -0.266357 </float_array>
					<technique_common>
						<accessor source="#geometry2-positions-array" count="27" stride="3">
							<param name="X" type="float" />
							<param name="Y" type="float" />
							<param name="Z" type="float" />
						</accessor>
					</technique_common>
				</source>
				<source id="geometry2-normals">
					<float_array id="geometry2-normals-array" count="81">0.164100 0.986164 0.023483 0.164100 0.986164 0.023483 0.164100 0.986164 0.023483 0.207782 0.977799 0.027132 0.207782 0.977799 0.027132 0.207782 0.977799 0.027132 -0.164100 0.986164 0.023483 -0.164100 0.986164 0.023483 -0.164100 0.986164 0.023483 -0.207782 0.977799 0.027132 -0.207782 0.977799 0.027132 -0.207782 0.977799 0.027132 -0.576358 0.816508 0.033557 -0.576358 0.816508 0.033557 -0.576358 0.816508 0.033557 -0.791802 0.610736 0.007185 -0.791802 0.610736 0.007185 -0.791802 0.610736 0.007185 -0.932320 0.360215 0.032018 -0.932320 0.360215 0.032018 -0.932320 0.360215 0.032018 -0.932411 0.359982 0.031975 -0.932411 0.359982 0.031975 -0.932411 0.359982 0.031975 -0.737697 0.674665 0.025127 -0.737697 0.674665 0.025127 -0.737697 0.674665 0.025127 </float_array>
					<technique_common>
						<accessor source="#geometry2-normals-array" count="27" stride="3">
							<param name="X" type="float" />
							<param name="Y" type="float" />
							<param name="Z" type="float" />
						</accessor>
					</technique_common>
				</source>
				<source id="geometry2-colors">
					<float_array id="geometry2-colors-array" count="81">1.000000 1.000000 1.000000 1.000000 1.000000 1.000000 1.000000 1.000000 1.000000 1.000000 1.000000 1.000000 1.000000 1.000000 1.000000 1.000000 1.000000 1.000000 1.000000 1.000000 1.000000 1.000000 1.000000 1.000000 1.000000 1.000000 1.000000 1.000000 1.000000 1.000000 1.000000 1.000000 1.000000 1.000000 1.000000 1.000000 1.000000 1.000000 1.000000 1.000000 1.000000 1.000000 1.000000 1.000000 1.000000 1.000000 1.000000 1.000000 1.000000 1.000000 1.000000 1.000000 1.000000 1.000000 1.000000 1.000000 1.000000 1.000000 1.000000 1.000000 1.000000 1.000000 1.000000 1.000000 1.000000 1.000000 1.000000 1.000000 1.000000 1.000000 1.000000 1.000000 1.000000 1.000000 1.000000 1.000000 1.000000 1.000000 1.000000 1.000000 1.000000 </float_array>
					<technique_common>
						<accessor source="#geometry2-colors-array" count="27" stride="3">
							<param name="R" type="float" />
							<param name="G" type="float" />
							<param name="B" type="float" />
						</accessor>
					</technique_common>
				</source>
				<source id="geometry2-texcoords">
					<float_array id="geometry2-texcoords-array" count="54">0.779297 0.363281 0.951172 0.363281 0.779297 0.142578 0.951172 0.142578 0.779297 0.142578 0.951172 0.363281 0.779297 0.142578 0.779297 0.363281 0.951172 0.142578 0.951172 0.363281 0.951172 0.142578 0.779297 0.363281 0.951172 0.142578 0.779297 0.142578 0.951172 0.363281 0.779297 0.363281 0.951172 0.363281 0.779297 0.142578 0.779297 0.363281 0.779297 0.142578 0.951172 0.142578 0.951172 0.142578 0.951172 0.363281 0.779297 0.363281 0.779297 0.363281 0.779297 0.142578 0.951172 0.251953 </float_array>
					<technique_common>
						<accessor source="#geometry2-texcoords-array" count="27" stride="2">
							<param name="S" type="float" />
							<param name="T" type="float" />
						</accessor>
					</technique_common>
				</source>
				<vertices id="geometry2-vertices">
					<input semantic="POSITION" source="#geometry2-positions" />
				</vertices>
				<triangles material="#lambert10-material" count="9">
					<input semantic="VERTEX" source="#geometry2-vertices" offset="0" />
					<input semantic="NORMAL" source="#geometry2-normals" offset="1" />
					<input semantic="TEXCOORD" source="#geometry2-texcoords" offset="2" set="1" />
					<input semantic="COLOR" source="#geometry2-colors" offset="3" set="0" />
					<p>0 0 0 0 1 1 1 1 2 2 2 2 3 3 3 3 4 4 4 4 5 5 5 5 6 6 6 6 7 7 7 7 8 8 8 8 9 9 9 9 10 10 10 10 11 11 11 11 12 12 12 12 13 13 13 13 14 14 14 14 15 15 15 15 16 16 16 16 17 17 17 17 18 18 18 18 19 19 19 19 20 20 20 20 21 21 21 21 22 22 22 22 23 23 23 23 24 24 24 24 25 25 25 25 26 26 26 26 </p>
				</triangles>
			</mesh>
		</geometry>
		<geometry id="geometry3" name="geom3">
			<mesh>
				<source id="geometry3-positions">
					<float_array id="geometry3-positions-array" count="126">0.020264 0.036377 -0.014160 0.018066 0.028076 -0.027100 0.014893 0.028076 -0.027100 0.014893 0.028076 -0.027100 0.017090 0.036377 -0.014160 0.020264 0.036377 -0.014160 0.021240 0.038818 0.001709 0.020264 0.036377 -0.014160 0.017090 0.036377 -0.014160 0.017090 0.036377 -0.014160 0.017090 0.038818 0.001709 0.021240 0.038818 0.001709 0.019531 0.035156 0.017090 0.021240 0.038818 0.001709 0.017090 0.038818 0.001709 0.017090 0.038818 0.001709 0.015381 0.035156 0.017090 0.019531 0.035156 0.017090 0.016357 0.025879 0.029053 0.019531 0.035156 0.017090 0.015381 0.035156 0.017090 0.015381 0.035156 0.017090 0.012207 0.025879 0.029053 0.016357 0.025879 0.029053 0.012207 0.012939 0.035400 0.016357 0.025879 0.029053 0.012207 0.025879 0.029053 0.012207 0.025879 0.029053 0.008057 0.012939 0.035400 0.012207 0.012939 0.035400 0.009033 -0.008057 0.030273 0.012207 0.012939 0.035400 0.008057 0.012939 0.035400 0.008057 0.012939 0.035400 0.004395 -0.004639 0.032471 0.009033 -0.008057 0.030273 0.006104 -0.012939 0.023438 0.009033 -0.008057 0.030273 0.004395 -0.004639 0.032471 0.004395 -0.004639 0.032471 0.001465 -0.013184 0.025146 0.006104 -0.012939 0.023438 </float_array>
					<technique_common>
						<accessor source="#geometry3-positions-array" count="42" stride="3">
							<param name="X" type="float" />
							<param name="Y" type="float" />
							<param name="Z" type="float" />
						</accessor>
					</technique_common>
				</source>
				<source id="geometry3-normals">
					<float_array id="geometry3-normals-array" count="126">0.000000 0.841694 -0.539955 0.000000 0.841694 -0.539955 0.000000 0.841694 -0.539955 0.000000 0.841694 -0.539955 0.000000 0.841694 -0.539955 0.000000 0.841694 -0.539955 0.000000 0.988372 -0.152057 0.000000 0.988372 -0.152057 0.000000 0.988372 -0.152057 0.000000 0.988372 -0.152057 0.000000 0.988372 -0.152057 0.000000 0.988372 -0.152057 0.000000 0.972806 0.231621 0.000000 0.972806 0.231621 0.000000 0.972806 0.231621 0.000000 0.972806 0.231621 0.000000 0.972806 0.231621 0.000000 0.972806 0.231621 0.000000 0.790220 0.612824 0.000000 0.790220 0.612824 0.000000 0.790220 0.612824 0.000000 0.790220 0.612824 0.000000 0.790220 0.612824 0.000000 0.790220 0.612824 0.000000 0.440425 0.897789 0.000000 0.440425 0.897789 0.000000 0.440425 0.897789 0.000000 0.440425 0.897789 0.000000 0.440425 0.897789 0.000000 0.440425 0.897789 0.000000 -0.237216 0.971457 0.000000 -0.237216 0.971457 0.000000 -0.237216 0.971457 0.284215 -0.214938 0.934357 0.284215 -0.214938 0.934357 0.284215 -0.214938 0.934357 -0.244009 -0.736631 0.630741 -0.244009 -0.736631 0.630741 -0.244009 -0.736631 0.630741 0.285200 -0.678258 0.677220 0.285200 -0.678258 0.677220 0.285200 -0.678258 0.677220 </float_array>
					<technique_common>
						<accessor source="#geometry3-normals-array" count="42" stride="3">
							<param name="X" type="float" />
							<param name="Y" type="float" />
							<param name="Z" type="float" />
						</accessor>
					</technique_common>
				</source>
				<source id="geometry3-colors">
					<float_array id="geometry3-colors-array" count="126">1.000000 1.000000 1.000000 1.000000 1.000000 1.000000 1.000000 1.000000 1.000000 1.000000 1.000000 1.000000 1.000000 1.000000 1.000000 1.000000 1.000000 1.000000 1.000000 1.000000 1.000000 1.000000 1.000000 1.000000 1.000000 1.000000 1.000000 1.000000 1.000000 1.000000 1.000000 1.000000 1.000000 1.000000 1.000000 1.000000 1.000000 1.000000 1.000000 1.000000 1.000000 1.000000 1.000000 1.000000 1.000000 1.000000 1.000000 1.000000 1.000000 1.000000 1.000000 1.000000 1.000000 1.000000 1.000000 1.000000 1.000000 1.000000 1.000000 1.000000 1.000000 1.000000 1.000000 1.000000 1.000000 1.000000 1.000000 1.000000 1.000000 1.000000 1.000000 1.000000 1.000000 1.000000 1.000000 1.000000 1.000000 1.000000 1.000000 1.000000 1.000000 1.000000 1.000000 1.000000 1.000000 1.000000 1.000000 1.000000 1.000000 1.000000 1.000000 1.000000 1.000000 1.000000 1.000000 1.000000 1.000000 1.000000 1.000000 1.000000 1.000000 1.000000 1.000000 1.000000 1.000000 1.000000 1.000000 1.000000 1.000000 1.000000 1.000000 1.000000 1.000000 1.000000 1.000000 1.000000 1.000000 1.000000 1.000000 1.000000 1.000000 1.000000 1.000000 1.000000 1.000000 1.000000 </float_array>
					<technique_common>
						<accessor source="#geometry3-colors-array" count="42" stride="3">
							<param name="R" type="float" />
							<param name="G" type="float" />
							<param name="B" type="float" />
						</accessor>
					</technique_common>
				</source>
				<source id="geometry3-texcoords">
					<float_array id="geometry3-texcoords-array" count="84">0.847656 0.458984 0.847656 0.480469 0.832031 0.480469 0.832031 0.480469 0.832031 0.458984 0.847656 0.458984 0.847656 0.458984 0.847656 0.480469 0.832031 0.480469 0.832031 0.480469 0.832031 0.458984 0.847656 0.458984 0.847656 0.458984 0.847656 0.480469 0.832031 0.480469 0.832031 0.480469 0.832031 0.458984 0.847656 0.458984 0.847656 0.458984 0.847656 0.480469 0.832031 0.480469 0.832031 0.480469 0.832031 0.458984 0.847656 0.458984 0.847656 0.458984 0.847656 0.480469 0.832031 0.480469 0.832031 0.480469 0.832031 0.458984 0.847656 0.458984 0.847656 0.458984 0.847656 0.480469 0.832031 0.480469 0.832031 0.480469 0.832031 0.458984 0.847656 0.458984 0.847656 0.458984 0.847656 0.480469 0.832031 0.480469 0.832031 0.480469 0.832031 0.458984 0.847656 0.458984 </float_array>
					<technique_common>
						<accessor source="#geometry3-texcoords-array" count="42" stride="2">
							<param name="S" type="float" />
							<param name="T" type="float" />
						</accessor>
					</technique_common>
				</source>
				<vertices id="geometry3-vertices">
					<input semantic="POSITION" source="#geometry3-positions" />
				</vertices>
				<triangles material="#lambert10-material" count="14">
					<input semantic="VERTEX" source="#geometry3-vertices" offset="0" />
					<input semantic="NORMAL" source="#geometry3-normals" offset="1" />
					<input semantic="TEXCOORD" source="#geometry3-texcoords" offset="2" set="1" />
					<input semantic="COLOR" source="#geometry3-colors" offset="3" set="0" />
					<p>0 0 0 0 1 1 1 1 2 2 2 2 3 3 3 3 4 4 4 4 5 5 5 5 6 6 6 6 7 7 7 7 8 8 8 8 9 9 9 9 10 10 10 10 11 11 11 11 12 12 12 12 13 13 13 13 14 14 14 14 15 15 15 15 16 16 16 16 17 17 17 17 18 18 18 18 19 19 19 19 20 20 20 20 21 21 21 21 22 22 22 22 23 23 23 23 24 24 24 24 25 25 25 25 26 26 26 26 27 27 27 27 28 28 28 28 29 29 29 29 30 30 30 30 31 31 31 31 32 32 32 32 33 33 33 33 34 34 34 34 35 35 35 35 36 36 36 36 37 37 37 37 38 38 38 38 39 39 39 39 40 40 40 40 41 41 41 41 </p>
				</triangles>
			</mesh>
		</geometry>
		<geometry id="geometry4" name="geom4">
			<mesh>
				<source id="geometry4-positions">
					<float_array id="geometry4-positions-array" count="378">-0.007568 -0.008789 0.023193 -0.001709 -0.013428 0.026855 -0.004883 0.001953 0.029785 0.001709 -0.001221 0.034668 -0.004883 0.001953 0.029785 -0.001709 -0.013428 0.026855 -0.004883 0.001953 0.029785 0.001709 -0.001221 0.034668 -0.001221 0.013916 0.030518 0.005615 0.012939 0.035400 -0.001221 0.013916 0.030518 0.001709 -0.001221 0.034668 -0.001221 0.013916 0.030518 0.005615 0.012939 0.035400 0.002197 0.025146 0.025146 0.009766 0.025879 0.029053 0.002197 0.025146 0.025146 0.005615 0.012939 0.035400 0.002197 0.025146 0.025146 0.009766 0.025879 0.029053 0.004883 0.033203 0.014648 0.012939 0.035156 0.017090 0.004883 0.033203 0.014648 0.009766 0.025879 0.029053 0.004883 0.033203 0.014648 0.012939 0.035156 0.017090 0.006592 0.036377 0.001221 0.014648 0.038818 0.001709 0.006592 0.036377 0.001221 0.012939 0.035156 0.017090 0.006592 0.036377 0.001221 0.014648 0.038818 0.001709 0.006348 0.034424 -0.012451 0.014404 0.036377 -0.014160 0.006348 0.034424 -0.012451 0.014648 0.038818 0.001709 0.006348 0.034424 -0.012451 0.014404 0.036377 -0.014160 0.004639 0.027100 -0.023682 0.012695 0.028076 -0.027100 0.004639 0.027100 -0.023682 0.014404 0.036377 -0.014160 0.004639 0.027100 -0.023682 0.012695 0.028076 -0.027100 0.001709 0.016357 -0.030273 0.009033 0.015625 -0.034912 0.001709 0.016357 -0.030273 0.012695 0.028076 -0.027100 -0.001709 -0.013428 0.026855 0.001465 -0.013184 0.025146 0.001709 -0.001221 0.034668 0.004395 -0.004639 0.032471 0.001709 -0.001221 0.034668 0.001465 -0.013184 0.025146 0.001709 -0.001221 0.034668 0.004395 -0.004639 0.032471 0.005615 0.012939 0.035400 0.008057 0.012939 0.035400 0.005615 0.012939 0.035400 0.004395 -0.004639 0.032471 0.005615 0.012939 0.035400 0.008057 0.012939 0.035400 0.009766 0.025879 0.029053 0.012207 0.025879 0.029053 0.009766 0.025879 0.029053 0.008057 0.012939 0.035400 0.009766 0.025879 0.029053 0.012207 0.025879 0.029053 0.012939 0.035156 0.017090 0.015381 0.035156 0.017090 0.012939 0.035156 0.017090 0.012207 0.025879 0.029053 0.012939 0.035156 0.017090 0.015381 0.035156 0.017090 0.014648 0.038818 0.001709 0.017090 0.038818 0.001709 0.014648 0.038818 0.001709 0.015381 0.035156 0.017090 0.014648 0.038818 0.001709 0.017090 0.038818 0.001709 0.014404 0.036377 -0.014160 0.017090 0.036377 -0.014160 0.014404 0.036377 -0.014160 0.017090 0.038818 0.001709 0.014404 0.036377 -0.014160 0.017090 0.036377 -0.014160 0.012695 0.028076 -0.027100 0.014893 0.028076 -0.027100 0.012695 0.028076 -0.027100 0.017090 0.036377 -0.014160 -0.009277 -0.016113 0.011963 0.004883 0.033203 0.014648 -0.009521 -0.018066 -0.001709 0.006592 0.036377 0.001221 -0.009521 -0.018066 -0.001709 0.004883 0.033203 0.014648 -0.009521 -0.018066 -0.001709 0.006592 0.036377 0.001221 -0.008057 -0.014893 -0.015137 0.006348 0.034424 -0.012451 -0.008057 -0.014893 -0.015137 0.006592 0.036377 0.001221 -0.008057 -0.014893 -0.015137 0.006348 0.034424 -0.012451 -0.005127 -0.006836 -0.025635 0.004639 0.027100 -0.023682 -0.005127 -0.006836 -0.025635 0.006348 0.034424 -0.012451 -0.005127 -0.006836 -0.025635 0.004639 0.027100 -0.023682 -0.001709 0.004395 -0.031006 0.001709 0.016357 -0.030273 -0.001709 0.004395 -0.031006 0.004639 0.027100 -0.023682 -0.001221 0.013916 0.030518 0.002197 0.025146 0.025146 -0.004883 0.001953 0.029785 -0.007568 -0.008789 0.023193 -0.004883 0.001953 0.029785 0.002197 0.025146 0.025146 0.002197 0.025146 0.025146 0.004883 0.033203 0.014648 -0.007568 -0.008789 0.023193 -0.009277 -0.016113 0.011963 -0.007568 -0.008789 0.023193 0.004883 0.033203 0.014648 </float_array>
					<technique_common>
						<accessor source="#geometry4-positions-array" count="126" stride="3">
							<param name="X" type="float" />
							<param name="Y" type="float" />
							<param name="Z" type="float" />
						</accessor>
					</technique_common>
				</source>
				<source id="geometry4-normals">
					<float_array id="geometry4-normals-array" count="378">-0.654762 -0.269608 0.706115 -0.654762 -0.269608 0.706115 -0.654762 -0.269608 0.706115 -0.653630 -0.269576 0.707176 -0.653630 -0.269576 0.707176 -0.653630 -0.269576 0.707176 -0.553392 0.118933 0.824386 -0.553392 0.118933 0.824386 -0.553392 0.118933 0.824386 -0.566599 0.114093 0.816057 -0.566599 0.114093 0.816057 -0.566599 0.114093 0.816057 -0.457905 0.493129 0.739693 -0.457905 0.493129 0.739693 -0.457905 0.493129 0.739693 -0.433924 0.505151 0.746011 -0.433924 0.505151 0.746011 -0.433924 0.505151 0.746011 -0.342075 0.785679 0.515455 -0.342075 0.785679 0.515455 -0.342075 0.785679 0.515455 -0.346272 0.783598 0.515820 -0.346272 0.783598 0.515820 -0.346272 0.783598 0.515820 -0.284387 0.940474 0.186099 -0.284387 0.940474 0.186099 -0.284387 0.940474 0.186099 -0.295253 0.936311 0.190125 -0.295253 0.936311 0.190125 -0.295253 0.936311 0.190125 -0.280242 0.950969 -0.130848 -0.280242 0.950969 -0.130848 -0.280242 0.950969 -0.130848 -0.261696 0.954524 -0.142824 -0.261696 0.954524 -0.142824 -0.261696 0.954524 -0.142824 -0.302046 0.818868 -0.488081 -0.302046 0.818868 -0.488081 -0.302046 0.818868 -0.488081 -0.305203 0.819346 -0.485308 -0.305203 0.819346 -0.485308 -0.305203 0.819346 -0.485308 -0.380690 0.556839 -0.738245 -0.380690 0.556839 -0.738245 -0.380690 0.556839 -0.738245 -0.398768 0.568690 -0.719427 -0.398768 0.568690 -0.719427 -0.398768 0.568690 -0.719427 0.423240 -0.569491 0.704662 0.423240 -0.569491 0.704662 0.423240 -0.569491 0.704662 -0.147220 -0.614119 0.775360 -0.147220 -0.614119 0.775360 -0.147220 -0.614119 0.775360 0.478859 -0.176579 0.859950 0.478859 -0.176579 0.859950 0.478859 -0.176579 0.859950 0.000000 -0.164399 0.986394 0.000000 -0.164399 0.986394 0.000000 -0.164399 0.986394 -0.000000 0.440425 0.897789 -0.000000 0.440425 0.897789 -0.000000 0.440425 0.897789 0.000000 0.440425 0.897789 0.000000 0.440425 0.897789 0.000000 0.440425 0.897789 -0.000000 0.790220 0.612824 -0.000000 0.790220 0.612824 -0.000000 0.790220 0.612824 0.000000 0.790220 0.612824 0.000000 0.790220 0.612824 0.000000 0.790220 0.612824 -0.000000 0.972806 0.231621 -0.000000 0.972806 0.231621 -0.000000 0.972806 0.231621 0.000000 0.972806 0.231621 0.000000 0.972806 0.231621 0.000000 0.972806 0.231621 0.000000 0.988372 -0.152057 0.000000 0.988372 -0.152057 0.000000 0.988372 -0.152057 0.000000 0.988372 -0.152057 0.000000 0.988372 -0.152057 0.000000 0.988372 -0.152057 0.000000 0.841694 -0.539955 0.000000 0.841694 -0.539955 0.000000 0.841694 -0.539955 0.000000 0.841694 -0.539955 0.000000 0.841694 -0.539955 0.000000 0.841694 -0.539955 -0.960598 0.277036 -0.022423 -0.960598 0.277036 -0.022423 -0.960598 0.277036 -0.022423 -0.956682 0.286057 -0.054146 -0.956682 0.286057 -0.054146 -0.956682 0.286057 -0.054146 -0.957684 0.285432 -0.037009 -0.957684 0.285432 -0.037009 -0.957684 0.285432 -0.037009 -0.959299 0.281448 -0.023077 -0.959299 0.281448 -0.023077 -0.959299 0.281448 -0.023077 -0.957926 0.282540 -0.050495 -0.957926 0.282540 -0.050495 -0.957926 0.282540 -0.050495 -0.959855 0.278255 -0.035406 -0.959855 0.278255 -0.035406 -0.959855 0.278255 -0.035406 -0.960121 0.278003 -0.029706 -0.960121 0.278003 -0.029706 -0.960121 0.278003 -0.029706 -0.960912 0.275929 -0.022591 -0.960912 0.275929 -0.022591 -0.960912 0.275929 -0.022591 -0.956249 0.292537 0.003146 -0.956249 0.292537 0.003146 -0.956249 0.292537 0.003146 -0.957963 0.279418 -0.065066 -0.957963 0.279418 -0.065066 -0.957963 0.279418 -0.065066 -0.960010 0.278112 -0.032149 -0.960010 0.278112 -0.032149 -0.960010 0.278112 -0.032149 -0.960072 0.277566 -0.034923 -0.960072 0.277566 -0.034923 -0.960072 0.277566 -0.034923 </float_array>
					<technique_common>
						<accessor source="#geometry4-normals-array" count="126" stride="3">
							<param name="X" type="float" />
							<param name="Y" type="float" />
							<param name="Z" type="float" />
						</accessor>
					</technique_common>
				</source>
				<source id="geometry4-colors">
					<float_array id="geometry4-colors-array" count="378">1.000000 1.000000 1.000000 1.000000 1.000000 1.000000 1.000000 1.000000 1.000000 1.000000 1.000000 1.000000 1.000000 1.000000 1.000000 1.000000 1.000000 1.000000 1.000000 1.000000 1.000000 1.000000 1.000000 1.000000 1.000000 1.000000 1.000000 1.000000 1.000000 1.000000 1.000000 1.000000 1.000000 1.000000 1.000000 1.000000 1.000000 1.000000 1.000000 1.000000 1.000000 1.000000 1.000000 1.000000 1.000000 1.000000 1.000000 1.000000 1.000000 1.000000 1.000000 1.000000 1.000000 1.000000 1.000000 1.000000 1.000000 1.000000 1.000000 1.000000 1.000000 1.000000 1.000000 1.000000 1.000000 1.000000 1.000000 1.000000 1.000000 1.000000 1.000000 1.000000 1.000000 1.000000 1.000000 1.000000 1.000000 1.000000 1.000000 1.000000 1.000000 1.000000 1.000000 1.000000 1.000000 1.000000 1.000000 1.000000 1.000000 1.000000 1.000000 1.000000 1.000000 1.000000 1.000000 1.000000 1.000000 1.000000 1.000000 1.000000 1.000000 1.000000 1.000000 1.000000 1.000000 1.000000 1.000000 1.000000 1.000000 1.000000 1.000000 1.000000 1.000000 1.000000 1.000000 1.000000 1.000000 1.000000 1.000000 1.000000 1.000000 1.000000 1.000000 1.000000 1.000000 1.000000 1.000000 1.000000 1.000000 1.000000 1.000000 1.000000 1.000000 1.000000 1.000000 1.000000 1.000000 1.000000 1.000000 1.000000 1.000000 1.000000 1.000000 1.000000 1.000000 1.000000 1.000000 1.000000 1.000000 1.000000 1.000000 1.000000 1.000000 1.000000 1.000000 1.000000 1.000000 1.000000 1.000000 1.000000 1.000000 1.000000 1.000000 1.000000 1.000000 1.000000 1.000000 1.000000 1.000000 1.000000 1.000000 1.000000 1.000000 1.000000 1.000000 1.000000 1.000000 1.000000 1.000000 1.000000 1.000000 1.000000 1.000000 1.000000 1.000000 1.000000 1.000000 1.000000 1.000000 1.000000 1.000000 1.000000 1.000000 1.000000 1.000000 1.000000 1.000000 1.000000 1.000000 1.000000 1.000000 1.000000 1.000000 1.000000 1.000000 1.000000 1.000000 1.000000 1.000000 1.000000 1.000000 1.000000 1.000000 1.000000 1.000000 1.000000 1.000000 1.000000 1.000000 1.000000 1.000000 1.000000 1.000000 1.000000 1.000000 1.000000 1.000000 1.000000 1.000000 1.000000 1.000000 1.000000 1.000000 1.000000 1.000000 1.000000 1.000000 1.000000 1.000000 1.000000 1.000000 1.000000 1.000000 1.000000 1.000000 1.000000 1.000000 1.000000 1.000000 1.000000 1.000000 1.000000 1.000000 1.000000 1.000000 1.000000 1.000000 1.000000 1.000000 1.000000 1.000000 1.000000 1.000000 1.000000 1.000000 1.000000 1.000000 1.000000 1.000000 1.000000 1.000000 1.000000 1.000000 1.000000 1.000000 1.000000 1.000000 1.000000 1.000000 1.000000 1.000000 1.000000 1.000000 1.000000 1.000000 1.000000 1.000000 1.000000 1.000000 1.000000 1.000000 1.000000 1.000000 1.000000 1.000000 1.000000 1.000000 1.000000 1.000000 1.000000 1.000000 1.000000 1.000000 1.000000 1.000000 1.000000 1.000000 1.000000 1.000000 1.000000 1.000000 1.000000 1.000000 1.000000 1.000000 1.000000 1.000000 1.000000 1.000000 1.000000 1.000000 1.000000 1.000000 1.000000 1.000000 1.000000 1.000000 1.000000 1.000000 1.000000 1.000000 1.000000 1.000000 1.000000 1.000000 1.000000 1.000000 1.000000 1.000000 1.000000 1.000000 1.000000 1.000000 1.000000 1.000000 1.000000 1.000000 1.000000 1.000000 1.000000 1.000000 1.000000 1.000000 1.000000 1.000000 1.000000 1.000000 1.000000 1.000000 1.000000 1.000000 1.000000 1.000000 1.000000 1.000000 1.000000 1.000000 1.000000 1.000000 1.000000 1.000000 1.000000 1.000000 1.000000 1.000000 1.000000 1.000000 1.000000 </float_array>
					<technique_common>
						<accessor source="#geometry4-colors-array" count="126" stride="3">
							<param name="R" type="float" />
							<param name="G" type="float" />
							<param name="B" type="float" />
						</accessor>
					</technique_common>
				</source>
				<source id="geometry4-texcoords">
					<float_array id="geometry4-texcoords-array" count="252">0.882813 0.637207 0.902832 0.661621 0.832031 0.669922 0.839356 0.700684 0.832031 0.669922 0.902832 0.661621 0.832031 0.669922 0.839356 0.700684 0.772461 0.675781 0.767578 0.708984 0.772461 0.675781 0.839356 0.700684 0.772461 0.675781 0.767578 0.708984 0.715820 0.653809 0.647461 0.670898 0.715820 0.653809 0.767578 0.708984 0.715820 0.653809 0.647461 0.670898 0.672363 0.612305 0.637207 0.621582 0.672363 0.612305 0.647461 0.670898 0.672363 0.612305 0.637207 0.621582 0.656250 0.549805 0.622070 0.558594 0.656250 0.549805 0.637207 0.621582 0.656250 0.549805 0.622070 0.558594 0.661621 0.489258 0.622559 0.494141 0.661621 0.489258 0.622070 0.558594 0.661621 0.489258 0.622559 0.494141 0.689941 0.434570 0.641113 0.440918 0.689941 0.434570 0.622559 0.494141 0.689941 0.434570 0.641113 0.440918 0.742188 0.401855 0.667969 0.409668 0.742188 0.401855 0.641113 0.440918 0.945313 0.541016 0.908691 0.570801 0.936523 0.600586 0.900879 0.626465 0.936523 0.600586 0.908691 0.570801 0.936523 0.600586 0.900879 0.626465 0.898438 0.648926 0.873535 0.676758 0.898438 0.648926 0.900879 0.626465 0.898438 0.648926 0.873535 0.676758 0.837402 0.676758 0.812988 0.704590 0.837402 0.676758 0.873535 0.676758 0.837402 0.676758 0.812988 0.704590 0.766602 0.678223 0.742188 0.706055 0.766602 0.678223 0.812988 0.704590 0.766602 0.678223 0.742188 0.706055 0.699707 0.653320 0.674805 0.680664 0.699707 0.653320 0.742188 0.706055 0.699707 0.653320 0.674805 0.680664 0.649414 0.606445 0.625000 0.634277 0.649414 0.606445 0.674805 0.680664 0.649414 0.606445 0.625000 0.634277 0.626465 0.547363 0.602539 0.574219 0.626465 0.547363 0.625000 0.634277 0.914551 0.583984 0.672363 0.612305 0.920898 0.521484 0.656250 0.549805 0.920898 0.521484 0.672363 0.612305 0.920898 0.521484 0.656250 0.549805 0.900879 0.460938 0.661621 0.489258 0.900879 0.460938 0.656250 0.549805 0.900879 0.460938 0.661621 0.489258 0.858398 0.415527 0.689941 0.434570 0.858398 0.415527 0.661621 0.489258 0.858398 0.415527 0.689941 0.434570 0.801758 0.393555 0.742188 0.401855 0.801758 0.393555 0.689941 0.434570 0.772461 0.675781 0.715820 0.653809 0.832031 0.669922 0.882813 0.637207 0.832031 0.669922 0.715820 0.653809 0.715820 0.653809 0.672363 0.612305 0.882813 0.637207 0.914551 0.583984 0.882813 0.637207 0.672363 0.612305 </float_array>
					<technique_common>
						<accessor source="#geometry4-texcoords-array" count="126" stride="2">
							<param name="S" type="float" />
							<param name="T" type="float" />
						</accessor>
					</technique_common>
				</source>
				<vertices id="geometry4-vertices">
					<input semantic="POSITION" source="#geometry4-positions" />
				</vertices>
				<triangles material="#lambert11-material" count="42">
					<input semantic="VERTEX" source="#geometry4-vertices" offset="0" />
					<input semantic="NORMAL" source="#geometry4-normals" offset="1" />
					<input semantic="TEXCOORD" source="#geometry4-texcoords" offset="2" set="1" />
					<input semantic="COLOR" source="#geometry4-colors" offset="3" set="0" />
					<p>0 0 0 0 1 1 1 1 2 2 2 2 3 3 3 3 4 4 4 4 5 5 5 5 6 6 6 6 7 7 7 7 8 8 8 8 9 9 9 9 10 10 10 10 11 11 11 11 12 12 12 12 13 13 13 13 14 14 14 14 15 15 15 15 16 16 16 16 17 17 17 17 18 18 18 18 19 19 19 19 20 20 20 20 21 21 21 21 22 22 22 22 23 23 23 23 24 24 24 24 25 25 25 25 26 26 26 26 27 27 27 27 28 28 28 28 29 29 29 29 30 30 30 30 31 31 31 31 32 32 32 32 33 33 33 33 34 34 34 34 35 35 35 35 36 36 36 36 37 37 37 37 38 38 38 38 39 39 39 39 40 40 40 40 41 41 41 41 42 42 42 42 43 43 43 43 44 44 44 44 45 45 45 45 46 46 46 46 47 47 47 47 48 48 48 48 49 49 49 49 50 50 50 50 51 51 51 51 52 52 52 52 53 53 53 53 54 54 54 54 55 55 55 55 56 56 56 56 57 57 57 57 58 58 58 58 59 59 59 59 60 60 60 60 61 61 61 61 62 62 62 62 63 63 63 63 64 64 64 64 65 65 65 65 66 66 66 66 67 67 67 67 68 68 68 68 69 69 69 69 70 70 70 70 71 71 71 71 72 72 72 72 73 73 73 73 74 74 74 74 75 75 75 75 76 76 76 76 77 77 77 77 78 78 78 78 79 79 79 79 80 80 80 80 81 81 81 81 82 82 82 82 83 83 83 83 84 84 84 84 85 85 85 85 86 86 86 86 87 87 87 87 88 88 88 88 89 89 89 89 90 90 90 90 91 91 91 91 92 92 92 92 93 93 93 93 94 94 94 94 95 95 95 95 96 96 96 96 97 97 97 97 98 98 98 98 99 99 99 99 100 100 100 100 101 101 101 101 102 102 102 102 103 103 103 103 104 104 104 104 105 105 105 105 106 106 106 106 107 107 107 107 108 108 108 108 109 109 109 109 110 110 110 110 111 111 111 111 112 112 112 112 113 113 113 113 114 114 114 114 115 115 115 115 116 116 116 116 117 117 117 117 118 118 118 118 119 119 119 119 120 120 120 120 121 121 121 121 122 122 122 122 123 123 123 123 124 124 124 124 125 125 125 125 </p>
				</triangles>
			</mesh>
		</geometry>
		<geometry id="geometry5" name="geom5">
			<mesh>
				<source id="geometry5-positions">
					<float_array id="geometry5-positions-array" count="54">0.021484 0.060303 -0.100342 0.031494 0.058350 -0.094482 0.021973 0.055664 -0.216309 0.025879 0.053955 -0.216309 0.021973 0.055664 -0.216309 0.031494 0.058350 -0.094482 -0.022949 0.055664 -0.216309 -0.026855 0.053955 -0.216309 -0.022217 0.060303 -0.100342 -0.032471 0.058350 -0.094482 -0.022217 0.060303 -0.100342 -0.026855 0.053955 -0.216309 -0.038330 0.045410 -0.216309 -0.042480 0.048096 -0.123779 -0.035156 0.047852 -0.216309 -0.039795 0.051270 -0.118408 -0.035156 0.047852 -0.216309 -0.042480 0.048096 -0.123779 </float_array>
					<technique_common>
						<accessor source="#geometry5-positions-array" count="18" stride="3">
							<param name="X" type="float" />
							<param name="Y" type="float" />
							<param name="Z" type="float" />
						</accessor>
					</technique_common>
				</source>
				<source id="geometry5-normals">
					<float_array id="geometry5-normals-array" count="54">0.212842 0.976341 -0.038157 0.212842 0.976341 -0.038157 0.212842 0.976341 -0.038157 0.400288 0.914944 -0.051454 0.400288 0.914944 -0.051454 0.400288 0.914944 -0.051454 -0.400586 0.915625 -0.034095 -0.400586 0.915625 -0.034095 -0.400586 0.915625 -0.034095 -0.211662 0.976308 -0.044973 -0.211662 0.976308 -0.044973 -0.211662 0.976308 -0.044973 -0.608939 0.791621 -0.050290 -0.608939 0.791621 -0.050290 -0.608939 0.791621 -0.050290 -0.711400 0.700377 -0.058159 -0.711400 0.700377 -0.058159 -0.711400 0.700377 -0.058159 </float_array>
					<technique_common>
						<accessor source="#geometry5-normals-array" count="18" stride="3">
							<param name="X" type="float" />
							<param name="Y" type="float" />
							<param name="Z" type="float" />
						</accessor>
					</technique_common>
				</source>
				<source id="geometry5-colors">
					<float_array id="geometry5-colors-array" count="54">1.000000 1.000000 1.000000 1.000000 1.000000 1.000000 1.000000 1.000000 1.000000 1.000000 1.000000 1.000000 1.000000 1.000000 1.000000 1.000000 1.000000 1.000000 1.000000 1.000000 1.000000 1.000000 1.000000 1.000000 1.000000 1.000000 1.000000 1.000000 1.000000 1.000000 1.000000 1.000000 1.000000 1.000000 1.000000 1.000000 1.000000 1.000000 1.000000 1.000000 1.000000 1.000000 1.000000 1.000000 1.000000 1.000000 1.000000 1.000000 1.000000 1.000000 1.000000 1.000000 1.000000 1.000000 </float_array>
					<technique_common>
						<accessor source="#geometry5-colors-array" count="18" stride="3">
							<param name="R" type="float" />
							<param name="G" type="float" />
							<param name="B" type="float" />
						</accessor>
					</technique_common>
				</source>
				<source id="geometry5-texcoords">
					<float_array id="geometry5-texcoords-array" count="36">0.005859 0.494141 0.005859 0.007813 0.986328 0.494141 0.986328 0.013672 0.986328 0.494141 0.005859 0.007813 0.986328 0.494141 0.986328 0.013672 0.005859 0.494141 0.005859 0.007813 0.005859 0.494141 0.986328 0.013672 0.986328 0.009766 0.005859 0.007813 0.990234 0.492188 0.005859 0.494141 0.990234 0.492188 0.005859 0.007813 </float_array>
					<technique_common>
						<accessor source="#geometry5-texcoords-array" count="18" stride="2">
							<param name="S" type="float" />
							<param name="T" type="float" />
						</accessor>
					</technique_common>
				</source>
				<vertices id="geometry5-vertices">
					<input semantic="POSITION" source="#geometry5-positions" />
				</vertices>
				<triangles material="#lambert10-material" count="6">
					<input semantic="VERTEX" source="#geometry5-vertices" offset="0" />
					<input semantic="NORMAL" source="#geometry5-normals" offset="1" />
					<input semantic="TEXCOORD" source="#geometry5-texcoords" offset="2" set="1" />
					<input semantic="COLOR" source="#geometry5-colors" offset="3" set="0" />
					<p>0 0 0 0 1 1 1 1 2 2 2 2 3 3 3 3 4 4 4 4 5 5 5 5 6 6 6 6 7 7 7 7 8 8 8 8 9 9 9 9 10 10 10 10 11 11 11 11 12 12 12 12 13 13 13 13 14 14 14 14 15 15 15 15 16 16 16 16 17 17 17 17 </p>
				</triangles>
			</mesh>
		</geometry>
		<geometry id="geometry6" name="geom6">
			<mesh>
				<source id="geometry6-positions">
					<float_array id="geometry6-positions-array" count="216">0.018311 0.013428 0.014160 0.014404 0.013184 -0.017334 0.000000 0.016357 0.014160 0.000000 0.015869 -0.024902 0.000000 0.016357 0.014160 0.014404 0.013184 -0.017334 0.000000 0.016357 0.014160 0.000000 0.015869 -0.024902 -0.014404 0.013184 -0.017334 0.019531 -0.010010 0.026611 0.018311 0.013428 0.014160 0.000000 -0.007324 0.026611 0.000000 0.016357 0.014160 0.000000 -0.007324 0.026611 0.018311 0.013428 0.014160 0.000000 -0.007324 0.026611 0.000000 0.016357 0.014160 -0.018311 0.013428 0.014160 0.000000 -0.007324 0.026611 0.000000 -0.012939 0.027588 0.019531 -0.010010 0.026611 0.021973 -0.016357 0.027832 0.019531 -0.010010 0.026611 0.000000 -0.012939 0.027588 0.014404 0.013184 -0.017334 0.016113 0.000244 -0.018555 0.000000 0.015869 -0.024902 0.000000 0.000244 -0.027832 0.000000 0.015869 -0.024902 0.016113 0.000244 -0.018555 0.021973 -0.016357 0.027832 0.020264 0.000244 0.014404 0.019531 -0.010010 0.026611 0.018311 0.013428 0.014160 0.019531 -0.010010 0.026611 0.020264 0.000244 0.014404 0.018311 0.013428 0.014160 0.020264 0.000244 0.014404 0.014404 0.013184 -0.017334 0.016113 0.000244 -0.018555 0.014404 0.013184 -0.017334 0.020264 0.000244 0.014404 0.000000 -0.007324 0.026611 -0.019531 -0.010010 0.026611 0.000000 -0.012939 0.027588 -0.021973 -0.016357 0.027832 0.000000 -0.012939 0.027588 -0.019531 -0.010010 0.026611 0.000000 0.015869 -0.024902 0.000000 0.000244 -0.027832 -0.014404 0.013184 -0.017334 -0.016113 0.000244 -0.018555 -0.014404 0.013184 -0.017334 0.000000 0.000244 -0.027832 -0.021973 -0.016357 0.027832 -0.019531 -0.010010 0.026611 -0.020264 0.000244 0.014404 -0.018311 0.013428 0.014160 -0.020264 0.000244 0.014404 -0.019531 -0.010010 0.026611 -0.018311 0.013428 0.014160 -0.014404 0.013184 -0.017334 -0.020264 0.000244 0.014404 -0.016113 0.000244 -0.018555 -0.020264 0.000244 0.014404 -0.014404 0.013184 -0.017334 -0.014404 0.013184 -0.017334 -0.018311 0.013428 0.014160 0.000000 0.016357 0.014160 -0.019531 -0.010010 0.026611 0.000000 -0.007324 0.026611 -0.018311 0.013428 0.014160 </float_array>
					<technique_common>
						<accessor source="#geometry6-positions-array" count="72" stride="3">
							<param name="X" type="float" />
							<param name="Y" type="float" />
							<param name="Z" type="float" />
						</accessor>
					</technique_common>
				</source>
				<source id="geometry6-normals">
					<float_array id="geometry6-normals-array" count="216">0.157932 0.987074 -0.027240 0.157932 0.987074 -0.027240 0.157932 0.987074 -0.027240 0.189497 0.981805 -0.012273 0.189497 0.981805 -0.012273 0.189497 0.981805 -0.012273 -0.189497 0.981805 -0.012273 -0.189497 0.981805 -0.012273 -0.189497 0.981805 -0.012273 0.064735 0.470799 0.879863 0.064735 0.470799 0.879863 0.064735 0.470799 0.879863 0.074254 0.464086 0.882673 0.074254 0.464086 0.882673 0.074254 0.464086 0.882673 -0.074254 0.464086 0.882673 -0.074254 0.464086 0.882673 -0.074254 0.464086 0.882673 0.023553 0.171294 0.984938 0.023553 0.171294 0.984938 0.023553 0.171294 0.984938 0.019608 0.196078 0.980392 0.019608 0.196078 0.980392 0.019608 0.196078 0.980392 0.481272 0.145119 -0.864476 0.481272 0.145119 -0.864476 0.481272 0.145119 -0.864476 0.492505 0.160388 -0.855403 0.492505 0.160388 -0.855403 0.492505 0.160388 -0.855403 0.835665 0.394833 0.381799 0.835665 0.394833 0.381799 0.835665 0.394833 0.381799 0.972162 0.147397 0.182143 0.972162 0.147397 0.182143 0.972162 0.147397 0.182143 0.982030 0.143210 -0.122912 0.982030 0.143210 -0.122912 0.982030 0.143210 -0.122912 0.982197 0.141392 -0.123684 0.982197 0.141392 -0.123684 0.982197 0.141392 -0.123684 -0.023553 0.171294 0.984938 -0.023553 0.171294 0.984938 -0.023553 0.171294 0.984938 -0.019608 0.196078 0.980392 -0.019608 0.196078 0.980392 -0.019608 0.196078 0.980392 -0.482445 0.161423 -0.860923 -0.482445 0.161423 -0.860923 -0.482445 0.161423 -0.860923 -0.493612 0.146074 -0.857327 -0.493612 0.146074 -0.857327 -0.493612 0.146074 -0.857327 -0.835665 0.394833 0.381799 -0.835665 0.394833 0.381799 -0.835665 0.394833 0.381799 -0.972162 0.147397 0.182143 -0.972162 0.147397 0.182143 -0.972162 0.147397 0.182143 -0.982030 0.143210 -0.122912 -0.982030 0.143210 -0.122912 -0.982030 0.143210 -0.122912 -0.982197 0.141392 -0.123684 -0.982197 0.141392 -0.123684 -0.982197 0.141392 -0.123684 -0.157932 0.987074 -0.027240 -0.157932 0.987074 -0.027240 -0.157932 0.987074 -0.027240 -0.064735 0.470799 0.879863 -0.064735 0.470799 0.879863 -0.064735 0.470799 0.879863 </float_array>
					<technique_common>
						<accessor source="#geometry6-normals-array" count="72" stride="3">
							<param name="X" type="float" />
							<param name="Y" type="float" />
							<param name="Z" type="float" />
						</accessor>
					</technique_common>
				</source>
				<source id="geometry6-colors">
					<float_array id="geometry6-colors-array" count="216">1.000000 1.000000 1.000000 1.000000 1.000000 1.000000 1.000000 1.000000 1.000000 1.000000 1.000000 1.000000 1.000000 1.000000 1.000000 1.000000 1.000000 1.000000 1.000000 1.000000 1.000000 1.000000 1.000000 1.000000 1.000000 1.000000 1.000000 1.000000 1.000000 1.000000 1.000000 1.000000 1.000000 1.000000 1.000000 1.000000 1.000000 1.000000 1.000000 1.000000 1.000000 1.000000 1.000000 1.000000 1.000000 1.000000 1.000000 1.000000 1.000000 1.000000 1.000000 1.000000 1.000000 1.000000 1.000000 1.000000 1.000000 1.000000 1.000000 1.000000 1.000000 1.000000 1.000000 1.000000 1.000000 1.000000 1.000000 1.000000 1.000000 1.000000 1.000000 1.000000 1.000000 1.000000 1.000000 1.000000 1.000000 1.000000 1.000000 1.000000 1.000000 1.000000 1.000000 1.000000 1.000000 1.000000 1.000000 1.000000 1.000000 1.000000 1.000000 1.000000 1.000000 1.000000 1.000000 1.000000 1.000000 1.000000 1.000000 1.000000 1.000000 1.000000 1.000000 1.000000 1.000000 1.000000 1.000000 1.000000 1.000000 1.000000 1.000000 1.000000 1.000000 1.000000 1.000000 1.000000 1.000000 1.000000 1.000000 1.000000 1.000000 1.000000 1.000000 1.000000 1.000000 1.000000 1.000000 1.000000 1.000000 1.000000 1.000000 1.000000 1.000000 1.000000 1.000000 1.000000 1.000000 1.000000 1.000000 1.000000 1.000000 1.000000 1.000000 1.000000 1.000000 1.000000 1.000000 1.000000 1.000000 1.000000 1.000000 1.000000 1.000000 1.000000 1.000000 1.000000 1.000000 1.000000 1.000000 1.000000 1.000000 1.000000 1.000000 1.000000 1.000000 1.000000 1.000000 1.000000 1.000000 1.000000 1.000000 1.000000 1.000000 1.000000 1.000000 1.000000 1.000000 1.000000 1.000000 1.000000 1.000000 1.000000 1.000000 1.000000 1.000000 1.000000 1.000000 1.000000 1.000000 1.000000 1.000000 1.000000 1.000000 1.000000 1.000000 1.000000 1.000000 1.000000 1.000000 1.000000 1.000000 1.000000 1.000000 1.000000 1.000000 1.000000 1.000000 1.000000 1.000000 1.000000 1.000000 1.000000 1.000000 1.000000 1.000000 1.000000 </float_array>
					<technique_common>
						<accessor source="#geometry6-colors-array" count="72" stride="3">
							<param name="R" type="float" />
							<param name="G" type="float" />
							<param name="B" type="float" />
						</accessor>
					</technique_common>
				</source>
				<source id="geometry6-texcoords">
					<float_array id="geometry6-texcoords-array" count="144">0.177246 0.932617 0.320801 0.930176 0.176270 0.886231 0.354980 0.886231 0.176270 0.886231 0.320801 0.930176 0.176270 0.886231 0.354980 0.886231 0.320801 0.930176 0.082031 0.940430 0.177246 0.932617 0.077637 0.886719 0.176270 0.886231 0.077637 0.886719 0.177246 0.932617 0.077637 0.886719 0.176270 0.886231 0.177246 0.932617 0.077637 0.886719 0.018066 0.881836 0.082031 0.940430 0.018555 0.994141 0.082031 0.940430 0.018066 0.881836 0.320801 0.930176 0.347168 0.969727 0.354980 0.886231 0.417969 0.876465 0.354980 0.886231 0.347168 0.969727 0.018555 0.994141 0.166992 0.979004 0.082031 0.940430 0.177246 0.932617 0.082031 0.940430 0.166992 0.979004 0.177246 0.932617 0.166992 0.979004 0.320801 0.930176 0.347168 0.969727 0.320801 0.930176 0.166992 0.979004 0.077637 0.886719 0.082031 0.940430 0.018066 0.881836 0.018555 0.994141 0.018066 0.881836 0.082031 0.940430 0.354980 0.886231 0.417969 0.876465 0.320801 0.930176 0.347168 0.969727 0.320801 0.930176 0.417969 0.876465 0.018555 0.994141 0.082031 0.940430 0.166992 0.979004 0.177246 0.932617 0.166992 0.979004 0.082031 0.940430 0.177246 0.932617 0.320801 0.930176 0.166992 0.979004 0.347168 0.969727 0.166992 0.979004 0.320801 0.930176 0.320801 0.930176 0.177246 0.932617 0.176270 0.886231 0.082031 0.940430 0.077637 0.886719 0.177246 0.932617 </float_array>
					<technique_common>
						<accessor source="#geometry6-texcoords-array" count="72" stride="2">
							<param name="S" type="float" />
							<param name="T" type="float" />
						</accessor>
					</technique_common>
				</source>
				<vertices id="geometry6-vertices">
					<input semantic="POSITION" source="#geometry6-positions" />
				</vertices>
				<triangles material="#lambert11-material" count="24">
					<input semantic="VERTEX" source="#geometry6-vertices" offset="0" />
					<input semantic="NORMAL" source="#geometry6-normals" offset="1" />
					<input semantic="TEXCOORD" source="#geometry6-texcoords" offset="2" set="1" />
					<input semantic="COLOR" source="#geometry6-colors" offset="3" set="0" />
					<p>0 0 0 0 1 1 1 1 2 2 2 2 3 3 3 3 4 4 4 4 5 5 5 5 6 6 6 6 7 7 7 7 8 8 8 8 9 9 9 9 10 10 10 10 11 11 11 11 12 12 12 12 13 13 13 13 14 14 14 14 15 15 15 15 16 16 16 16 17 17 17 17 18 18 18 18 19 19 19 19 20 20 20 20 21 21 21 21 22 22 22 22 23 23 23 23 24 24 24 24 25 25 25 25 26 26 26 26 27 27 27 27 28 28 28 28 29 29 29 29 30 30 30 30 31 31 31 31 32 32 32 32 33 33 33 33 34 34 34 34 35 35 35 35 36 36 36 36 37 37 37 37 38 38 38 38 39 39 39 39 40 40 40 40 41 41 41 41 42 42 42 42 43 43 43 43 44 44 44 44 45 45 45 45 46 46 46 46 47 47 47 47 48 48 48 48 49 49 49 49 50 50 50 50 51 51 51 51 52 52 52 52 53 53 53 53 54 54 54 54 55 55 55 55 56 56 56 56 57 57 57 57 58 58 58 58 59 59 59 59 60 60 60 60 61 61 61 61 62 62 62 62 63 63 63 63 64 64 64 64 65 65 65 65 66 66 66 66 67 67 67 67 68 68 68 68 69 69 69 69 70 70 70 70 71 71 71 71 </p>
				</triangles>
			</mesh>
		</geometry>
		<geometry id="geometry7" name="geom7">
			<mesh>
				<source id="geometry7-positions">
					<float_array id="geometry7-positions-array" count="306">-0.030029 0.008789 0.025391 -0.015381 0.010986 0.034424 -0.015869 0.010986 0.017090 0.000977 0.013184 0.024658 -0.015869 0.010986 0.017090 -0.015381 0.010986 0.034424 -0.015869 0.010986 0.017090 0.000977 0.013184 0.024658 -0.016602 0.008545 -0.060303 0.000977 0.010010 -0.075684 -0.016602 0.008545 -0.060303 0.000977 0.013184 0.024658 0.021729 0.010986 0.066406 0.033691 0.008301 0.066406 0.017822 0.010986 0.032471 0.029785 0.008789 0.025391 0.017822 0.010986 0.032471 0.033691 0.008301 0.066406 0.017822 0.010986 0.032471 0.029785 0.008789 0.025391 0.015869 0.010986 0.017090 0.017822 0.010986 0.032471 0.015869 0.010986 0.017090 0.000977 0.013184 0.024658 0.016357 0.008545 -0.060303 0.000977 0.013184 0.024658 0.015869 0.010986 0.017090 0.000977 0.013184 0.024658 0.016357 0.008545 -0.060303 0.000977 0.010010 -0.075684 0.000977 0.013184 0.024658 0.000977 0.010010 -0.075684 0.000977 0.004150 0.024902 0.000977 0.004883 -0.079834 0.000977 0.004150 0.024902 0.000977 0.010010 -0.075684 0.020020 0.004395 0.066650 0.021729 0.010986 0.066406 0.016113 0.004150 0.033691 0.017822 0.010986 0.032471 0.016113 0.004150 0.033691 0.021729 0.010986 0.066406 -0.019531 0.010986 0.066406 -0.015381 0.010986 0.034424 -0.033936 0.008301 0.066406 -0.030029 0.008789 0.025391 -0.033936 0.008301 0.066406 -0.015381 0.010986 0.034424 -0.018311 0.004150 0.016602 -0.031738 0.001953 0.024658 -0.015869 0.010986 0.017090 -0.030029 0.008789 0.025391 -0.015869 0.010986 0.017090 -0.031738 0.001953 0.024658 -0.030029 0.008789 0.025391 -0.031738 0.001953 0.024658 -0.033936 0.008301 0.066406 -0.034912 0.002197 0.066650 -0.033936 0.008301 0.066406 -0.031738 0.001953 0.024658 0.000977 0.010010 -0.075684 0.000977 0.004883 -0.079834 -0.016602 0.008545 -0.060303 -0.018799 0.002930 -0.061523 -0.016602 0.008545 -0.060303 0.000977 0.004883 -0.079834 -0.015869 0.010986 0.017090 -0.016602 0.008545 -0.060303 -0.018311 0.004150 0.016602 -0.018799 0.002930 -0.061523 -0.018311 0.004150 0.016602 -0.016602 0.008545 -0.060303 0.000977 0.004150 0.024902 0.016113 0.004150 0.033691 0.017822 0.010986 0.032471 0.000977 0.013184 0.024658 0.000977 0.004150 0.024902 0.017822 0.010986 0.032471 0.021973 -0.012207 0.080078 0.034912 0.002197 0.066650 0.033691 0.008301 0.066406 0.020020 0.004395 0.066650 0.021973 -0.012207 0.080078 0.021729 0.010986 0.066406 0.033691 0.008301 0.066406 0.021729 0.010986 0.066406 0.021973 -0.012207 0.080078 0.000977 0.004883 -0.079834 0.000977 0.010010 -0.075684 0.000977 0.002930 -0.077637 0.000977 0.004150 0.024902 -0.015381 0.010986 0.034424 -0.016113 0.004150 0.033691 0.000977 0.013184 0.024658 -0.015381 0.010986 0.034424 0.000977 0.004150 0.024902 -0.021973 -0.012207 0.080078 -0.033936 0.008301 0.066406 -0.034912 0.002197 0.066650 -0.033936 0.008301 0.066406 -0.021973 -0.012207 0.080078 -0.019531 0.010986 0.066406 </float_array>
					<technique_common>
						<accessor source="#geometry7-positions-array" count="102" stride="3">
							<param name="X" type="float" />
							<param name="Y" type="float" />
							<param name="Z" type="float" />
						</accessor>
					</technique_common>
				</source>
				<source id="geometry7-normals">
					<float_array id="geometry7-normals-array" count="306">-0.150902 0.988540 0.004251 -0.150902 0.988540 0.004251 -0.150902 0.988540 0.004251 -0.130968 0.991380 0.003689 -0.130968 0.991380 0.003689 -0.130968 0.991380 0.003689 -0.115918 0.992799 -0.030222 -0.115918 0.992799 -0.030222 -0.115918 0.992799 -0.030222 -0.110278 0.993404 -0.031422 -0.110278 0.993404 -0.031422 -0.110278 0.993404 -0.031422 0.218969 0.975406 -0.025205 0.218969 0.975406 -0.025205 0.218969 0.975406 -0.025205 0.177668 0.984077 -0.005206 0.177668 0.984077 -0.005206 0.177668 0.984077 -0.005206 0.168357 0.985494 -0.021379 0.168357 0.985494 -0.021379 0.168357 0.985494 -0.021379 0.137264 0.990381 -0.017430 0.137264 0.990381 -0.017430 0.137264 0.990381 -0.017430 0.130739 0.990950 -0.030435 0.130739 0.990950 -0.030435 0.130739 0.990950 -0.030435 0.125798 0.991560 -0.031363 0.125798 0.991560 -0.031363 0.125798 0.991560 -0.031363 -1.000000 -0.000000 0.000000 -1.000000 -0.000000 0.000000 -1.000000 -0.000000 0.000000 -1.000000 0.000000 0.000000 -1.000000 0.000000 0.000000 -1.000000 0.000000 0.000000 -0.960890 0.253268 0.112007 -0.960890 0.253268 0.112007 -0.960890 0.253268 0.112007 -0.959390 0.259568 0.110433 -0.959390 0.259568 0.110433 -0.959390 0.259568 0.110433 -0.183231 0.982782 -0.023778 -0.183231 0.982782 -0.023778 -0.183231 0.982782 -0.023778 -0.146998 0.989134 -0.002224 -0.146998 0.989134 -0.002224 -0.146998 0.989134 -0.002224 -0.527960 0.246605 -0.812677 -0.527960 0.246605 -0.812677 -0.527960 0.246605 -0.812677 -0.518512 0.218209 -0.826759 -0.518512 0.218209 -0.826759 -0.518512 0.218209 -0.826759 -0.964026 0.250524 -0.088830 -0.964026 0.250524 -0.088830 -0.964026 0.250524 -0.088830 -0.985099 0.154602 -0.075354 -0.985099 0.154602 -0.075354 -0.985099 0.154602 -0.075354 -0.590938 0.507585 -0.627017 -0.590938 0.507585 -0.627017 -0.590938 0.507585 -0.627017 -0.644947 0.394642 -0.654448 -0.644947 0.394642 -0.654448 -0.644947 0.394642 -0.654448 -0.941702 0.336444 -0.001701 -0.941702 0.336444 -0.001701 -0.941702 0.336444 -0.001701 -0.931252 0.364375 0.000127 -0.931252 0.364375 0.000127 -0.931252 0.364375 0.000127 -0.483543 0.269595 0.832769 -0.483543 0.269595 0.832769 -0.483543 0.269595 0.832769 -0.417962 0.024544 0.908133 -0.417962 0.024544 0.908133 -0.417962 0.024544 0.908133 0.622876 0.155246 0.766762 0.622876 0.155246 0.766762 0.622876 0.155246 0.766762 -0.871905 0.241820 0.425800 -0.871905 0.241820 0.425800 -0.871905 0.241820 0.425800 0.113461 0.505419 0.855382 0.113461 0.505419 0.855382 0.113461 0.505419 0.855382 1.000000 0.000000 -0.000000 1.000000 0.000000 -0.000000 1.000000 0.000000 -0.000000 0.452661 -0.142804 0.880173 0.452661 -0.142804 0.880173 0.452661 -0.142804 0.880173 0.510169 0.023237 0.859761 0.510169 0.023237 0.859761 0.510169 0.023237 0.859761 -0.638872 0.132532 0.757811 -0.638872 0.132532 0.757811 -0.638872 0.132532 0.757811 -0.095632 0.512937 0.853083 -0.095632 0.512937 0.853083 -0.095632 0.512937 0.853083 </float_array>
					<technique_common>
						<accessor source="#geometry7-normals-array" count="102" stride="3">
							<param name="X" type="float" />
							<param name="Y" type="float" />
							<param name="Z" type="float" />
						</accessor>
					</technique_common>
				</source>
				<source id="geometry7-colors">
					<float_array id="geometry7-colors-array" count="306">1.000000 1.000000 1.000000 1.000000 1.000000 1.000000 1.000000 1.000000 1.000000 1.000000 1.000000 1.000000 1.000000 1.000000 1.000000 1.000000 1.000000 1.000000 1.000000 1.000000 1.000000 1.000000 1.000000 1.000000 1.000000 1.000000 1.000000 1.000000 1.000000 1.000000 1.000000 1.000000 1.000000 1.000000 1.000000 1.000000 1.000000 1.000000 1.000000 1.000000 1.000000 1.000000 1.000000 1.000000 1.000000 1.000000 1.000000 1.000000 1.000000 1.000000 1.000000 1.000000 1.000000 1.000000 1.000000 1.000000 1.000000 1.000000 1.000000 1.000000 1.000000 1.000000 1.000000 1.000000 1.000000 1.000000 1.000000 1.000000 1.000000 1.000000 1.000000 1.000000 1.000000 1.000000 1.000000 1.000000 1.000000 1.000000 1.000000 1.000000 1.000000 1.000000 1.000000 1.000000 1.000000 1.000000 1.000000 1.000000 1.000000 1.000000 1.000000 1.000000 1.000000 1.000000 1.000000 1.000000 1.000000 1.000000 1.000000 1.000000 1.000000 1.000000 1.000000 1.000000 1.000000 1.000000 1.000000 1.000000 1.000000 1.000000 1.000000 1.000000 1.000000 1.000000 1.000000 1.000000 1.000000 1.000000 1.000000 1.000000 1.000000 1.000000 1.000000 1.000000 1.000000 1.000000 1.000000 1.000000 1.000000 1.000000 1.000000 1.000000 1.000000 1.000000 1.000000 1.000000 1.000000 1.000000 1.000000 1.000000 1.000000 1.000000 1.000000 1.000000 1.000000 1.000000 1.000000 1.000000 1.000000 1.000000 1.000000 1.000000 1.000000 1.000000 1.000000 1.000000 1.000000 1.000000 1.000000 1.000000 1.000000 1.000000 1.000000 1.000000 1.000000 1.000000 1.000000 1.000000 1.000000 1.000000 1.000000 1.000000 1.000000 1.000000 1.000000 1.000000 1.000000 1.000000 1.000000 1.000000 1.000000 1.000000 1.000000 1.000000 1.000000 1.000000 1.000000 1.000000 1.000000 1.000000 1.000000 1.000000 1.000000 1.000000 1.000000 1.000000 1.000000 1.000000 1.000000 1.000000 1.000000 1.000000 1.000000 1.000000 1.000000 1.000000 1.000000 1.000000 1.000000 1.000000 1.000000 1.000000 1.000000 1.000000 1.000000 1.000000 1.000000 1.000000 1.000000 1.000000 1.000000 1.000000 1.000000 1.000000 1.000000 1.000000 1.000000 1.000000 1.000000 1.000000 1.000000 1.000000 1.000000 1.000000 1.000000 1.000000 1.000000 1.000000 1.000000 1.000000 1.000000 1.000000 1.000000 1.000000 1.000000 1.000000 1.000000 1.000000 1.000000 1.000000 1.000000 1.000000 1.000000 1.000000 1.000000 1.000000 1.000000 1.000000 1.000000 1.000000 1.000000 1.000000 1.000000 1.000000 1.000000 1.000000 1.000000 1.000000 1.000000 1.000000 1.000000 1.000000 1.000000 1.000000 1.000000 1.000000 1.000000 1.000000 1.000000 1.000000 1.000000 1.000000 1.000000 1.000000 1.000000 1.000000 1.000000 1.000000 1.000000 1.000000 1.000000 1.000000 1.000000 1.000000 1.000000 1.000000 1.000000 1.000000 1.000000 1.000000 1.000000 1.000000 1.000000 1.000000 1.000000 1.000000 </float_array>
					<technique_common>
						<accessor source="#geometry7-colors-array" count="102" stride="3">
							<param name="R" type="float" />
							<param name="G" type="float" />
							<param name="B" type="float" />
						</accessor>
					</technique_common>
				</source>
				<source id="geometry7-texcoords">
					<float_array id="geometry7-texcoords-array" count="204">0.647461 0.924805 0.686523 0.986816 0.603027 0.923340 0.632324 0.996094 0.603027 0.923340 0.686523 0.986816 0.603027 0.923340 0.632324 0.996094 0.547852 0.924316 0.483398 0.995606 0.547852 0.924316 0.632324 0.996094 0.870606 0.968262 0.870606 0.923340 0.686523 0.986816 0.647461 0.924805 0.686523 0.986816 0.870606 0.923340 0.686523 0.986816 0.647461 0.924805 0.603027 0.923340 0.686523 0.986816 0.603027 0.923340 0.632324 0.996094 0.547852 0.924316 0.632324 0.996094 0.603027 0.923340 0.632324 0.996094 0.547852 0.924316 0.483398 0.995606 0.127930 0.166504 0.317871 0.166504 0.127930 0.083008 0.317871 0.083008 0.127930 0.083008 0.317871 0.166504 0.127930 0.083008 0.127930 0.166504 0.317871 0.083008 0.317871 0.166504 0.317871 0.083008 0.127930 0.166504 0.870606 0.981934 0.686523 0.986816 0.870606 0.923340 0.647461 0.924805 0.870606 0.923340 0.686523 0.986816 0.581543 0.876465 0.625000 0.876465 0.603027 0.923340 0.647461 0.924805 0.603027 0.923340 0.625000 0.876465 0.647461 0.924805 0.625000 0.876465 0.870606 0.923340 0.871582 0.876953 0.870606 0.923340 0.625000 0.876465 0.483398 0.995606 0.400391 0.995606 0.547852 0.924316 0.516602 0.876953 0.547852 0.924316 0.400391 0.995606 0.603027 0.923340 0.547852 0.924316 0.581543 0.876465 0.516602 0.876953 0.581543 0.876465 0.547852 0.924316 0.127930 0.083008 0.317871 0.083008 0.317871 0.166504 0.127930 0.166504 0.127930 0.083008 0.317871 0.166504 0.989746 0.982910 0.871582 0.876953 0.870606 0.923340 0.222656 0.083008 0.127930 0.166504 0.317871 0.166504 0.870606 0.923340 0.870606 0.968262 0.989746 0.982910 0.317871 0.166504 0.127930 0.166504 0.222656 0.083008 0.127930 0.083008 0.317871 0.166504 0.317871 0.083008 0.127930 0.166504 0.317871 0.166504 0.127930 0.083008 0.989746 0.982910 0.870606 0.923340 0.871582 0.876953 0.870606 0.923340 0.989746 0.982910 0.870606 0.981934 </float_array>
					<technique_common>
						<accessor source="#geometry7-texcoords-array" count="102" stride="2">
							<param name="S" type="float" />
							<param name="T" type="float" />
						</accessor>
					</technique_common>
				</source>
				<vertices id="geometry7-vertices">
					<input semantic="POSITION" source="#geometry7-positions" />
				</vertices>
				<triangles material="#lambert11-material" count="34">
					<input semantic="VERTEX" source="#geometry7-vertices" offset="0" />
					<input semantic="NORMAL" source="#geometry7-normals" offset="1" />
					<input semantic="TEXCOORD" source="#geometry7-texcoords" offset="2" set="1" />
					<input semantic="COLOR" source="#geometry7-colors" offset="3" set="0" />
					<p>0 0 0 0 1 1 1 1 2 2 2 2 3 3 3 3 4 4 4 4 5 5 5 5 6 6 6 6 7 7 7 7 8 8 8 8 9 9 9 9 10 10 10 10 11 11 11 11 12 12 12 12 13 13 13 13 14 14 14 14 15 15 15 15 16 16 16 16 17 17 17 17 18 18 18 18 19 19 19 19 20 20 20 20 21 21 21 21 22 22 22 22 23 23 23 23 24 24 24 24 25 25 25 25 26 26 26 26 27 27 27 27 28 28 28 28 29 29 29 29 30 30 30 30 31 31 31 31 32 32 32 32 33 33 33 33 34 34 34 34 35 35 35 35 36 36 36 36 37 37 37 37 38 38 38 38 39 39 39 39 40 40 40 40 41 41 41 41 42 42 42 42 43 43 43 43 44 44 44 44 45 45 45 45 46 46 46 46 47 47 47 47 48 48 48 48 49 49 49 49 50 50 50 50 51 51 51 51 52 52 52 52 53 53 53 53 54 54 54 54 55 55 55 55 56 56 56 56 57 57 57 57 58 58 58 58 59 59 59 59 60 60 60 60 61 61 61 61 62 62 62 62 63 63 63 63 64 64 64 64 65 65 65 65 66 66 66 66 67 67 67 67 68 68 68 68 69 69 69 69 70 70 70 70 71 71 71 71 72 72 72 72 73 73 73 73 74 74 74 74 75 75 75 75 76 76 76 76 77 77 77 77 78 78 78 78 79 79 79 79 80 80 80 80 81 81 81 81 82 82 82 82 83 83 83 83 84 84 84 84 85 85 85 85 86 86 86 86 87 87 87 87 88 88 88 88 89 89 89 89 90 90 90 90 91 91 91 91 92 92 92 92 93 93 93 93 94 94 94 94 95 95 95 95 96 96 96 96 97 97 97 97 98 98 98 98 99 99 99 99 100 100 100 100 101 101 101 101 </p>
				</triangles>
			</mesh>
		</geometry>
		<geometry id="geometry8" name="geom8">
			<mesh>
				<source id="geometry8-positions">
					<float_array id="geometry8-positions-array" count="54">-0.010742 0.003174 0.015137 -0.002930 0.003174 0.022217 -0.002197 0.043457 0.037598 0.005127 0.047852 0.048340 -0.002197 0.043457 0.037598 -0.002930 0.003174 0.022217 -0.002197 0.043457 0.037598 0.005127 0.047852 0.048340 0.001953 0.041016 -0.044922 0.009521 0.045654 -0.048340 0.001953 0.041016 -0.044922 0.005127 0.047852 0.048340 -0.008545 0.003418 -0.044922 -0.010742 0.003174 0.015137 0.001953 0.041016 -0.044922 -0.002197 0.043457 0.037598 0.001953 0.041016 -0.044922 -0.010742 0.003174 0.015137 </float_array>
					<technique_common>
						<accessor source="#geometry8-positions-array" count="18" stride="3">
							<param name="X" type="float" />
							<param name="Y" type="float" />
							<param name="Z" type="float" />
						</accessor>
					</technique_common>
				</source>
				<source id="geometry8-normals">
					<float_array id="geometry8-normals-array" count="54">-0.648188 -0.261307 0.715242 -0.648188 -0.261307 0.715242 -0.648188 -0.261307 0.715242 -0.762249 -0.218745 0.609202 -0.762249 -0.218745 0.609202 -0.762249 -0.218745 0.609202 -0.459652 0.886727 -0.049353 -0.459652 0.886727 -0.049353 -0.459652 0.886727 -0.049353 -0.536285 0.842914 -0.043534 -0.536285 0.842914 -0.043534 -0.536285 0.842914 -0.043534 -0.962598 0.268777 -0.034124 -0.962598 0.268777 -0.034124 -0.962598 0.268777 -0.034124 -0.969942 0.236853 -0.055792 -0.969942 0.236853 -0.055792 -0.969942 0.236853 -0.055792 </float_array>
					<technique_common>
						<accessor source="#geometry8-normals-array" count="18" stride="3">
							<param name="X" type="float" />
							<param name="Y" type="float" />
							<param name="Z" type="float" />
						</accessor>
					</technique_common>
				</source>
				<source id="geometry8-colors">
					<float_array id="geometry8-colors-array" count="54">1.000000 1.000000 1.000000 1.000000 1.000000 1.000000 1.000000 1.000000 1.000000 1.000000 1.000000 1.000000 1.000000 1.000000 1.000000 1.000000 1.000000 1.000000 1.000000 1.000000 1.000000 1.000000 1.000000 1.000000 1.000000 1.000000 1.000000 1.000000 1.000000 1.000000 1.000000 1.000000 1.000000 1.000000 1.000000 1.000000 1.000000 1.000000 1.000000 1.000000 1.000000 1.000000 1.000000 1.000000 1.000000 1.000000 1.000000 1.000000 1.000000 1.000000 1.000000 1.000000 1.000000 1.000000 </float_array>
					<technique_common>
						<accessor source="#geometry8-colors-array" count="18" stride="3">
							<param name="R" type="float" />
							<param name="G" type="float" />
							<param name="B" type="float" />
						</accessor>
					</technique_common>
				</source>
				<source id="geometry8-texcoords">
					<float_array id="geometry8-texcoords-array" count="36">0.343750 0.483887 0.380859 0.484375 0.459473 0.663086 0.516113 0.684570 0.459473 0.663086 0.380859 0.484375 0.459473 0.663086 0.516113 0.684570 0.106934 0.662598 0.097656 0.684570 0.106934 0.662598 0.516113 0.684570 0.105957 0.483887 0.343750 0.483887 0.106934 0.662598 0.459473 0.663086 0.106934 0.662598 0.343750 0.483887 </float_array>
					<technique_common>
						<accessor source="#geometry8-texcoords-array" count="18" stride="2">
							<param name="S" type="float" />
							<param name="T" type="float" />
						</accessor>
					</technique_common>
				</source>
				<vertices id="geometry8-vertices">
					<input semantic="POSITION" source="#geometry8-positions" />
				</vertices>
				<triangles material="#lambert11-material" count="6">
					<input semantic="VERTEX" source="#geometry8-vertices" offset="0" />
					<input semantic="NORMAL" source="#geometry8-normals" offset="1" />
					<input semantic="TEXCOORD" source="#geometry8-texcoords" offset="2" set="1" />
					<input semantic="COLOR" source="#geometry8-colors" offset="3" set="0" />
					<p>0 0 0 0 1 1 1 1 2 2 2 2 3 3 3 3 4 4 4 4 5 5 5 5 6 6 6 6 7 7 7 7 8 8 8 8 9 9 9 9 10 10 10 10 11 11 11 11 12 12 12 12 13 13 13 13 14 14 14 14 15 15 15 15 16 16 16 16 17 17 17 17 </p>
				</triangles>
			</mesh>
		</geometry>
		<geometry id="geometry9" name="geom9">
			<mesh>
				<source id="geometry9-positions">
					<float_array id="geometry9-positions-array" count="54">0.049805 0.130615 -0.170166 0.013428 0.052002 -0.170166 0.050049 0.130615 -0.093506 0.013428 0.052002 -0.093506 0.050049 0.130615 -0.093506 0.013428 0.052002 -0.170166 -0.050293 0.131348 -0.170166 -0.016602 0.052490 -0.170166 -0.050293 0.131348 -0.093506 -0.016602 0.052490 -0.093506 -0.050293 0.131348 -0.093506 -0.016602 0.052490 -0.170166 -0.034180 0.028809 -0.225098 -0.105225 0.073486 -0.228516 -0.110596 0.079346 -0.118164 -0.110596 0.079346 -0.118164 -0.039551 0.034668 -0.114746 -0.034180 0.028809 -0.225098 </float_array>
					<technique_common>
						<accessor source="#geometry9-positions-array" count="18" stride="3">
							<param name="X" type="float" />
							<param name="Y" type="float" />
							<param name="Z" type="float" />
						</accessor>
					</technique_common>
				</source>
				<source id="geometry9-normals">
					<float_array id="geometry9-normals-array" count="54">-0.907543 0.419950 0.002890 -0.907543 0.419950 0.002890 -0.907543 0.419950 0.002890 -0.906471 0.422269 0.000000 -0.906471 0.422269 0.000000 -0.906471 0.422269 0.000000 -0.919586 -0.392888 0.000000 -0.919586 -0.392888 0.000000 -0.919586 -0.392888 0.000000 -0.919586 -0.392888 -0.000000 -0.919586 -0.392888 -0.000000 -0.919586 -0.392888 -0.000000 0.532909 0.845960 -0.018980 0.532909 0.845960 -0.018980 0.532909 0.845960 -0.018980 0.532909 0.845960 -0.018980 0.532909 0.845960 -0.018980 0.532909 0.845960 -0.018980 </float_array>
					<technique_common>
						<accessor source="#geometry9-normals-array" count="18" stride="3">
							<param name="X" type="float" />
							<param name="Y" type="float" />
							<param name="Z" type="float" />
						</accessor>
					</technique_common>
				</source>
				<source id="geometry9-colors">
					<float_array id="geometry9-colors-array" count="54">0.000000 0.612903 1.000000 0.516129 1.000000 1.000000 0.000000 0.612903 1.000000 0.516129 1.000000 1.000000 0.000000 0.612903 1.000000 0.516129 1.000000 1.000000 0.000000 0.612903 1.000000 0.516129 1.000000 1.000000 0.000000 0.612903 1.000000 0.516129 1.000000 1.000000 0.000000 0.612903 1.000000 0.516129 1.000000 1.000000 0.516129 1.000000 1.000000 0.000000 0.612903 1.000000 0.000000 0.612903 1.000000 0.000000 0.612903 1.000000 0.516129 1.000000 1.000000 0.516129 1.000000 1.000000 </float_array>
					<technique_common>
						<accessor source="#geometry9-colors-array" count="18" stride="3">
							<param name="R" type="float" />
							<param name="G" type="float" />
							<param name="B" type="float" />
						</accessor>
					</technique_common>
				</source>
				<source id="geometry9-texcoords">
					<float_array id="geometry9-texcoords-array" count="36">0.000000 1.000000 0.000000 0.000000 1.000000 1.000000 1.000000 0.000000 1.000000 1.000000 0.000000 0.000000 0.000000 1.000000 0.000000 0.000000 1.000000 1.000000 1.000000 0.000000 1.000000 1.000000 0.000000 0.000000 1.000000 0.000000 1.000000 1.000000 0.000000 1.000000 0.000000 1.000000 0.000000 0.000000 1.000000 0.000000 </float_array>
					<technique_common>
						<accessor source="#geometry9-texcoords-array" count="18" stride="2">
							<param name="S" type="float" />
							<param name="T" type="float" />
						</accessor>
					</technique_common>
				</source>
				<vertices id="geometry9-vertices">
					<input semantic="POSITION" source="#geometry9-positions" />
				</vertices>
				<triangles material="#GlowBlue-material" count="6">
					<input semantic="VERTEX" source="#geometry9-vertices" offset="0" />
					<input semantic="NORMAL" source="#geometry9-normals" offset="1" />
					<input semantic="TEXCOORD" source="#geometry9-texcoords" offset="2" set="1" />
					<input semantic="COLOR" source="#geometry9-colors" offset="3" set="0" />
					<p>0 0 0 0 1 1 1 1 2 2 2 2 3 3 3 3 4 4 4 4 5 5 5 5 6 6 6 6 7 7 7 7 8 8 8 8 9 9 9 9 10 10 10 10 11 11 11 11 12 12 12 12 13 13 13 13 14 14 14 14 15 15 15 15 16 16 16 16 17 17 17 17 </p>
				</triangles>
			</mesh>
		</geometry>
		<geometry id="geometry10" name="geom10">
			<mesh>
				<source id="geometry10-positions">
					<float_array id="geometry10-positions-array" count="54">0.049805 0.130615 -0.170166 0.013428 0.050781 -0.170166 0.050049 0.130615 -0.093506 0.013428 0.050781 -0.093506 0.050049 0.130615 -0.093506 0.013428 0.050781 -0.170166 -0.050293 0.131348 -0.170166 -0.016602 0.051270 -0.170166 -0.050293 0.131348 -0.093506 -0.016602 0.051270 -0.093506 -0.050293 0.131348 -0.093506 -0.016602 0.051270 -0.170166 -0.034180 0.027588 -0.225098 -0.105225 0.073486 -0.228516 -0.110596 0.079346 -0.118164 -0.110596 0.079346 -0.118164 -0.039551 0.033447 -0.114746 -0.034180 0.027588 -0.225098 </float_array>
					<technique_common>
						<accessor source="#geometry10-positions-array" count="18" stride="3">
							<param name="X" type="float" />
							<param name="Y" type="float" />
							<param name="Z" type="float" />
						</accessor>
					</technique_common>
				</source>
				<source id="geometry10-normals">
					<float_array id="geometry10-normals-array" count="54">-0.909981 0.414640 0.002898 -0.909981 0.414640 0.002898 -0.909981 0.414640 0.002898 -0.908933 0.416942 0.000000 -0.908933 0.416942 0.000000 -0.908933 0.416942 0.000000 -0.921741 -0.387806 0.000000 -0.921741 -0.387806 0.000000 -0.921741 -0.387806 0.000000 -0.921741 -0.387806 -0.000000 -0.921741 -0.387806 -0.000000 -0.921741 -0.387806 -0.000000 0.543179 0.839421 -0.018133 0.543179 0.839421 -0.018133 0.543179 0.839421 -0.018133 0.543179 0.839421 -0.018133 0.543179 0.839421 -0.018133 0.543179 0.839421 -0.018133 </float_array>
					<technique_common>
						<accessor source="#geometry10-normals-array" count="18" stride="3">
							<param name="X" type="float" />
							<param name="Y" type="float" />
							<param name="Z" type="float" />
						</accessor>
					</technique_common>
				</source>
				<source id="geometry10-colors">
					<float_array id="geometry10-colors-array" count="54">0.000000 1.000000 0.000000 0.612903 1.000000 0.612903 0.000000 1.000000 0.000000 0.612903 1.000000 0.612903 0.000000 1.000000 0.000000 0.612903 1.000000 0.612903 0.000000 1.000000 0.000000 0.612903 1.000000 0.612903 0.000000 1.000000 0.000000 0.612903 1.000000 0.612903 0.000000 1.000000 0.000000 0.612903 1.000000 0.612903 0.612903 1.000000 0.612903 0.000000 1.000000 0.000000 0.000000 1.000000 0.000000 0.000000 1.000000 0.000000 0.612903 1.000000 0.612903 0.612903 1.000000 0.612903 </float_array>
					<technique_common>
						<accessor source="#geometry10-colors-array" count="18" stride="3">
							<param name="R" type="float" />
							<param name="G" type="float" />
							<param name="B" type="float" />
						</accessor>
					</technique_common>
				</source>
				<source id="geometry10-texcoords">
					<float_array id="geometry10-texcoords-array" count="36">0.000000 1.000000 0.000000 0.000000 1.000000 1.000000 1.000000 0.000000 1.000000 1.000000 0.000000 0.000000 0.000000 1.000000 0.000000 0.000000 1.000000 1.000000 1.000000 0.000000 1.000000 1.000000 0.000000 0.000000 1.000000 0.000000 1.000000 1.000000 0.000000 1.000000 0.000000 1.000000 0.000000 0.000000 1.000000 0.000000 </float_array>
					<technique_common>
						<accessor source="#geometry10-texcoords-array" count="18" stride="2">
							<param name="S" type="float" />
							<param name="T" type="float" />
						</accessor>
					</technique_common>
				</source>
				<vertices id="geometry10-vertices">
					<input semantic="POSITION" source="#geometry10-positions" />
				</vertices>
				<triangles material="#GlowGreen-material" count="6">
					<input semantic="VERTEX" source="#geometry10-vertices" offset="0" />
					<input semantic="NORMAL" source="#geometry10-normals" offset="1" />
					<input semantic="TEXCOORD" source="#geometry10-texcoords" offset="2" set="1" />
					<input semantic="COLOR" source="#geometry10-colors" offset="3" set="0" />
					<p>0 0 0 0 1 1 1 1 2 2 2 2 3 3 3 3 4 4 4 4 5 5 5 5 6 6 6 6 7 7 7 7 8 8 8 8 9 9 9 9 10 10 10 10 11 11 11 11 12 12 12 12 13 13 13 13 14 14 14 14 15 15 15 15 16 16 16 16 17 17 17 17 </p>
				</triangles>
			</mesh>
		</geometry>
		<geometry id="geometry11" name="geom11">
			<mesh>
				<source id="geometry11-positions">
					<float_array id="geometry11-positions-array" count="54">0.049805 0.130615 -0.170166 0.013428 0.052002 -0.170166 0.050049 0.130615 -0.093506 0.013428 0.052002 -0.093506 0.050049 0.130615 -0.093506 0.013428 0.052002 -0.170166 -0.050293 0.131348 -0.170166 -0.016602 0.052490 -0.170166 -0.050293 0.131348 -0.093506 -0.016602 0.052490 -0.093506 -0.050293 0.131348 -0.093506 -0.016602 0.052490 -0.170166 -0.034180 0.028809 -0.225098 -0.105225 0.073486 -0.228516 -0.110596 0.079346 -0.118164 -0.110596 0.079346 -0.118164 -0.039551 0.034668 -0.114746 -0.034180 0.028809 -0.225098 </float_array>
					<technique_common>
						<accessor source="#geometry11-positions-array" count="18" stride="3">
							<param name="X" type="float" />
							<param name="Y" type="float" />
							<param name="Z" type="float" />
						</accessor>
					</technique_common>
				</source>
				<source id="geometry11-normals">
					<float_array id="geometry11-normals-array" count="54">-0.907543 0.419950 0.002890 -0.907543 0.419950 0.002890 -0.907543 0.419950 0.002890 -0.906471 0.422269 0.000000 -0.906471 0.422269 0.000000 -0.906471 0.422269 0.000000 -0.919586 -0.392888 0.000000 -0.919586 -0.392888 0.000000 -0.919586 -0.392888 0.000000 -0.919586 -0.392888 -0.000000 -0.919586 -0.392888 -0.000000 -0.919586 -0.392888 -0.000000 0.532909 0.845960 -0.018980 0.532909 0.845960 -0.018980 0.532909 0.845960 -0.018980 0.532909 0.845960 -0.018980 0.532909 0.845960 -0.018980 0.532909 0.845960 -0.018980 </float_array>
					<technique_common>
						<accessor source="#geometry11-normals-array" count="18" stride="3">
							<param name="X" type="float" />
							<param name="Y" type="float" />
							<param name="Z" type="float" />
						</accessor>
					</technique_common>
				</source>
				<source id="geometry11-colors">
					<float_array id="geometry11-colors-array" count="54">1.000000 0.193548 0.096774 1.000000 0.903226 0.516129 1.000000 0.193548 0.096774 1.000000 0.903226 0.516129 1.000000 0.193548 0.096774 1.000000 0.903226 0.516129 1.000000 0.193548 0.096774 1.000000 0.903226 0.516129 1.000000 0.193548 0.096774 1.000000 0.903226 0.516129 1.000000 0.193548 0.096774 1.000000 0.903226 0.516129 1.000000 0.903226 0.516129 1.000000 0.193548 0.096774 1.000000 0.193548 0.096774 1.000000 0.193548 0.096774 1.000000 0.903226 0.516129 1.000000 0.903226 0.516129 </float_array>
					<technique_common>
						<accessor source="#geometry11-colors-array" count="18" stride="3">
							<param name="R" type="float" />
							<param name="G" type="float" />
							<param name="B" type="float" />
						</accessor>
					</technique_common>
				</source>
				<source id="geometry11-texcoords">
					<float_array id="geometry11-texcoords-array" count="36">0.000000 1.000000 0.000000 0.000000 1.000000 1.000000 1.000000 0.000000 1.000000 1.000000 0.000000 0.000000 0.000000 1.000000 0.000000 0.000000 1.000000 1.000000 1.000000 0.000000 1.000000 1.000000 0.000000 0.000000 1.000000 0.000000 1.000000 1.000000 0.000000 1.000000 0.000000 1.000000 0.000000 0.000000 1.000000 0.000000 </float_array>
					<technique_common>
						<accessor source="#geometry11-texcoords-array" count="18" stride="2">
							<param name="S" type="float" />
							<param name="T" type="float" />
						</accessor>
					</technique_common>
				</source>
				<vertices id="geometry11-vertices">
					<input semantic="POSITION" source="#geometry11-positions" />
				</vertices>
				<triangles material="#GlowOrange-material" count="6">
					<input semantic="VERTEX" source="#geometry11-vertices" offset="0" />
					<input semantic="NORMAL" source="#geometry11-normals" offset="1" />
					<input semantic="TEXCOORD" source="#geometry11-texcoords" offset="2" set="1" />
					<input semantic="COLOR" source="#geometry11-colors" offset="3" set="0" />
					<p>0 0 0 0 1 1 1 1 2 2 2 2 3 3 3 3 4 4 4 4 5 5 5 5 6 6 6 6 7 7 7 7 8 8 8 8 9 9 9 9 10 10 10 10 11 11 11 11 12 12 12 12 13 13 13 13 14 14 14 14 15 15 15 15 16 16 16 16 17 17 17 17 </p>
				</triangles>
			</mesh>
		</geometry>
		<geometry id="geometry12" name="geom12">
			<mesh>
				<source id="geometry12-positions">
					<float_array id="geometry12-positions-array" count="54">0.049805 0.130615 -0.170166 0.013428 0.052002 -0.170166 0.050049 0.130615 -0.093506 0.013428 0.052002 -0.093506 0.050049 0.130615 -0.093506 0.013428 0.052002 -0.170166 -0.050293 0.131348 -0.170166 -0.016602 0.052490 -0.170166 -0.050293 0.131348 -0.093506 -0.016602 0.052490 -0.093506 -0.050293 0.131348 -0.093506 -0.016602 0.052490 -0.170166 -0.034180 0.028809 -0.225098 -0.105225 0.073486 -0.228516 -0.110596 0.079346 -0.118164 -0.110596 0.079346 -0.118164 -0.039551 0.034668 -0.114746 -0.034180 0.028809 -0.225098 </float_array>
					<technique_common>
						<accessor source="#geometry12-positions-array" count="18" stride="3">
							<param name="X" type="float" />
							<param name="Y" type="float" />
							<param name="Z" type="float" />
						</accessor>
					</technique_common>
				</source>
				<source id="geometry12-normals">
					<float_array id="geometry12-normals-array" count="54">-0.907543 0.419950 0.002890 -0.907543 0.419950 0.002890 -0.907543 0.419950 0.002890 -0.906471 0.422269 0.000000 -0.906471 0.422269 0.000000 -0.906471 0.422269 0.000000 -0.919586 -0.392888 0.000000 -0.919586 -0.392888 0.000000 -0.919586 -0.392888 0.000000 -0.919586 -0.392888 -0.000000 -0.919586 -0.392888 -0.000000 -0.919586 -0.392888 -0.000000 0.532909 0.845960 -0.018980 0.532909 0.845960 -0.018980 0.532909 0.845960 -0.018980 0.532909 0.845960 -0.018980 0.532909 0.845960 -0.018980 0.532909 0.845960 -0.018980 </float_array>
					<technique_common>
						<accessor source="#geometry12-normals-array" count="18" stride="3">
							<param name="X" type="float" />
							<param name="Y" type="float" />
							<param name="Z" type="float" />
						</accessor>
					</technique_common>
				</source>
				<source id="geometry12-colors">
					<float_array id="geometry12-colors-array" count="54">1.000000 0.000000 0.000000 1.000000 0.806452 0.806452 1.000000 0.000000 0.000000 1.000000 0.806452 0.806452 1.000000 0.000000 0.000000 1.000000 0.806452 0.806452 1.000000 0.000000 0.000000 1.000000 0.806452 0.806452 1.000000 0.000000 0.000000 1.000000 0.806452 0.806452 1.000000 0.000000 0.000000 1.000000 0.806452 0.806452 1.000000 0.806452 0.806452 1.000000 0.000000 0.000000 1.000000 0.000000 0.000000 1.000000 0.000000 0.000000 1.000000 0.806452 0.806452 1.000000 0.806452 0.806452 </float_array>
					<technique_common>
						<accessor source="#geometry12-colors-array" count="18" stride="3">
							<param name="R" type="float" />
							<param name="G" type="float" />
							<param name="B" type="float" />
						</accessor>
					</technique_common>
				</source>
				<source id="geometry12-texcoords">
					<float_array id="geometry12-texcoords-array" count="36">0.000000 1.000000 0.000000 0.000000 1.000000 1.000000 1.000000 0.000000 1.000000 1.000000 0.000000 0.000000 0.000000 1.000000 0.000000 0.000000 1.000000 1.000000 1.000000 0.000000 1.000000 1.000000 0.000000 0.000000 1.000000 0.000000 1.000000 1.000000 0.000000 1.000000 0.000000 1.000000 0.000000 0.000000 1.000000 0.000000 </float_array>
					<technique_common>
						<accessor source="#geometry12-texcoords-array" count="18" stride="2">
							<param name="S" type="float" />
							<param name="T" type="float" />
						</accessor>
					</technique_common>
				</source>
				<vertices id="geometry12-vertices">
					<input semantic="POSITION" source="#geometry12-positions" />
				</vertices>
				<triangles material="#GlowRed-material" count="6">
					<input semantic="VERTEX" source="#geometry12-vertices" offset="0" />
					<input semantic="NORMAL" source="#geometry12-normals" offset="1" />
					<input semantic="TEXCOORD" source="#geometry12-texcoords" offset="2" set="1" />
					<input semantic="COLOR" source="#geometry12-colors" offset="3" set="0" />
					<p>0 0 0 0 1 1 1 1 2 2 2 2 3 3 3 3 4 4 4 4 5 5 5 5 6 6 6 6 7 7 7 7 8 8 8 8 9 9 9 9 10 10 10 10 11 11 11 11 12 12 12 12 13 13 13 13 14 14 14 14 15 15 15 15 16 16 16 16 17 17 17 17 </p>
				</triangles>
			</mesh>
		</geometry>
		<geometry id="geometry13" name="geom13">
			<mesh>
				<source id="geometry13-positions">
					<float_array id="geometry13-positions-array" count="54">0.049805 0.130615 -0.170166 0.013428 0.052002 -0.170166 0.050049 0.130615 -0.093506 0.013428 0.052002 -0.093506 0.050049 0.130615 -0.093506 0.013428 0.052002 -0.170166 -0.050293 0.131348 -0.170166 -0.016602 0.052490 -0.170166 -0.050293 0.131348 -0.093506 -0.016602 0.052490 -0.093506 -0.050293 0.131348 -0.093506 -0.016602 0.052490 -0.170166 -0.034180 0.028809 -0.225098 -0.105225 0.073486 -0.228516 -0.110596 0.079346 -0.118164 -0.110596 0.079346 -0.118164 -0.039551 0.034668 -0.114746 -0.034180 0.028809 -0.225098 </float_array>
					<technique_common>
						<accessor source="#geometry13-positions-array" count="18" stride="3">
							<param name="X" type="float" />
							<param name="Y" type="float" />
							<param name="Z" type="float" />
						</accessor>
					</technique_common>
				</source>
				<source id="geometry13-normals">
					<float_array id="geometry13-normals-array" count="54">-0.907543 0.419950 0.002890 -0.907543 0.419950 0.002890 -0.907543 0.419950 0.002890 -0.906471 0.422269 0.000000 -0.906471 0.422269 0.000000 -0.906471 0.422269 0.000000 -0.919586 -0.392888 0.000000 -0.919586 -0.392888 0.000000 -0.919586 -0.392888 0.000000 -0.919586 -0.392888 -0.000000 -0.919586 -0.392888 -0.000000 -0.919586 -0.392888 -0.000000 0.532909 0.845960 -0.018980 0.532909 0.845960 -0.018980 0.532909 0.845960 -0.018980 0.532909 0.845960 -0.018980 0.532909 0.845960 -0.018980 0.532909 0.845960 -0.018980 </float_array>
					<technique_common>
						<accessor source="#geometry13-normals-array" count="18" stride="3">
							<param name="X" type="float" />
							<param name="Y" type="float" />
							<param name="Z" type="float" />
						</accessor>
					</technique_common>
				</source>
				<source id="geometry13-colors">
					<float_array id="geometry13-colors-array" count="54">1.000000 1.000000 0.000000 1.000000 1.000000 0.000000 1.000000 1.000000 0.000000 1.000000 1.000000 0.000000 1.000000 1.000000 0.000000 1.000000 1.000000 0.000000 1.000000 1.000000 0.000000 1.000000 1.000000 0.000000 1.000000 1.000000 0.000000 1.000000 1.000000 0.000000 1.000000 1.000000 0.000000 1.000000 1.000000 0.000000 1.000000 1.000000 0.000000 1.000000 1.000000 0.000000 1.000000 1.000000 0.000000 1.000000 1.000000 0.000000 1.000000 1.000000 0.000000 1.000000 1.000000 0.000000 </float_array>
					<technique_common>
						<accessor source="#geometry13-colors-array" count="18" stride="3">
							<param name="R" type="float" />
							<param name="G" type="float" />
							<param name="B" type="float" />
						</accessor>
					</technique_common>
				</source>
				<source id="geometry13-texcoords">
					<float_array id="geometry13-texcoords-array" count="36">0.000000 1.000000 0.000000 0.000000 1.000000 1.000000 1.000000 0.000000 1.000000 1.000000 0.000000 0.000000 0.000000 1.000000 0.000000 0.000000 1.000000 1.000000 1.000000 0.000000 1.000000 1.000000 0.000000 0.000000 1.000000 0.000000 1.000000 1.000000 0.000000 1.000000 0.000000 1.000000 0.000000 0.000000 1.000000 0.000000 </float_array>
					<technique_common>
						<accessor source="#geometry13-texcoords-array" count="18" stride="2">
							<param name="S" type="float" />
							<param name="T" type="float" />
						</accessor>
					</technique_common>
				</source>
				<vertices id="geometry13-vertices">
					<input semantic="POSITION" source="#geometry13-positions" />
				</vertices>
				<triangles material="#GlowYellow-material" count="6">
					<input semantic="VERTEX" source="#geometry13-vertices" offset="0" />
					<input semantic="NORMAL" source="#geometry13-normals" offset="1" />
					<input semantic="TEXCOORD" source="#geometry13-texcoords" offset="2" set="1" />
					<input semantic="COLOR" source="#geometry13-colors" offset="3" set="0" />
					<p>0 0 0 0 1 1 1 1 2 2 2 2 3 3 3 3 4 4 4 4 5 5 5 5 6 6 6 6 7 7 7 7 8 8 8 8 9 9 9 9 10 10 10 10 11 11 11 11 12 12 12 12 13 13 13 13 14 14 14 14 15 15 15 15 16 16 16 16 17 17 17 17 </p>
				</triangles>
			</mesh>
		</geometry>
		<geometry id="geometry14" name="geom14">
			<mesh>
				<source id="geometry14-positions">
					<float_array id="geometry14-positions-array" count="108">0.001221 0.004150 -0.048584 0.008789 0.028564 -0.034180 0.015381 0.028564 -0.033936 0.015381 0.028564 -0.033936 0.007813 0.004150 -0.047852 0.001221 0.004150 -0.048584 0.008789 0.028564 -0.034180 0.017090 0.038818 -0.016846 0.023682 0.038574 -0.016602 0.023682 0.038574 -0.016602 0.015381 0.028564 -0.033936 0.008789 0.028564 -0.034180 0.017090 0.038818 -0.016846 0.018066 0.039551 0.000000 0.024658 0.039551 0.000000 0.024658 0.039551 0.000000 0.023682 0.038574 -0.016602 0.017090 0.038818 -0.016846 0.018066 0.039551 0.000000 0.015625 0.036133 0.017334 0.022461 0.036133 0.017334 0.022461 0.036133 0.017334 0.024658 0.039551 0.000000 0.018066 0.039551 0.000000 0.015625 0.036133 0.017334 0.008789 0.025146 0.035889 0.013428 0.025146 0.035889 0.013428 0.025146 0.035889 0.022461 0.036133 0.017334 0.015625 0.036133 0.017334 0.008789 0.025146 0.035889 0.000244 0.006592 0.047607 0.005127 0.006592 0.047607 0.005127 0.006592 0.047607 0.013428 0.025146 0.035889 0.008789 0.025146 0.035889 </float_array>
					<technique_common>
						<accessor source="#geometry14-positions-array" count="36" stride="3">
							<param name="X" type="float" />
							<param name="Y" type="float" />
							<param name="Z" type="float" />
						</accessor>
					</technique_common>
				</source>
				<source id="geometry14-normals">
					<float_array id="geometry14-normals-array" count="108">0.032042 0.500501 -0.865143 0.032042 0.500501 -0.865143 0.032042 0.500501 -0.865143 0.097482 0.469864 -0.877340 0.097482 0.469864 -0.877340 0.097482 0.469864 -0.877340 0.050930 0.848691 -0.526432 0.050930 0.848691 -0.526432 0.050930 0.848691 -0.526432 0.018767 0.861912 -0.506711 0.018767 0.861912 -0.506711 0.018767 0.861912 -0.506711 0.000000 0.999056 -0.043437 0.000000 0.999056 -0.043437 0.000000 0.999056 -0.043437 0.039198 0.997369 -0.060975 0.039198 0.997369 -0.060975 0.039198 0.997369 -0.060975 0.000000 0.981109 0.193458 0.000000 0.981109 0.193458 0.000000 0.981109 0.193458 0.000000 0.981109 0.193458 0.000000 0.981109 0.193458 0.000000 0.981109 0.193458 0.000000 0.860475 0.509492 0.000000 0.860475 0.509492 0.000000 0.860475 0.509492 0.000000 0.860475 0.509492 0.000000 0.860475 0.509492 0.000000 0.860475 0.509492 0.000000 0.533993 0.845489 0.000000 0.533993 0.845489 0.000000 0.533993 0.845489 0.000000 0.533993 0.845489 0.000000 0.533993 0.845489 0.000000 0.533993 0.845489 </float_array>
					<technique_common>
						<accessor source="#geometry14-normals-array" count="36" stride="3">
							<param name="X" type="float" />
							<param name="Y" type="float" />
							<param name="Z" type="float" />
						</accessor>
					</technique_common>
				</source>
				<source id="geometry14-colors">
					<float_array id="geometry14-colors-array" count="108">1.000000 1.000000 1.000000 1.000000 1.000000 1.000000 1.000000 1.000000 1.000000 1.000000 1.000000 1.000000 1.000000 1.000000 1.000000 1.000000 1.000000 1.000000 1.000000 1.000000 1.000000 1.000000 1.000000 1.000000 1.000000 1.000000 1.000000 1.000000 1.000000 1.000000 1.000000 1.000000 1.000000 1.000000 1.000000 1.000000 1.000000 1.000000 1.000000 1.000000 1.000000 1.000000 1.000000 1.000000 1.000000 1.000000 1.000000 1.000000 1.000000 1.000000 1.000000 1.000000 1.000000 1.000000 1.000000 1.000000 1.000000 1.000000 1.000000 1.000000 1.000000 1.000000 1.000000 1.000000 1.000000 1.000000 1.000000 1.000000 1.000000 1.000000 1.000000 1.000000 1.000000 1.000000 1.000000 1.000000 1.000000 1.000000 1.000000 1.000000 1.000000 1.000000 1.000000 1.000000 1.000000 1.000000 1.000000 1.000000 1.000000 1.000000 1.000000 1.000000 1.000000 1.000000 1.000000 1.000000 1.000000 1.000000 1.000000 1.000000 1.000000 1.000000 1.000000 1.000000 1.000000 1.000000 1.000000 1.000000 </float_array>
					<technique_common>
						<accessor source="#geometry14-colors-array" count="36" stride="3">
							<param name="R" type="float" />
							<param name="G" type="float" />
							<param name="B" type="float" />
						</accessor>
					</technique_common>
				</source>
				<source id="geometry14-texcoords">
					<float_array id="geometry14-texcoords-array" count="72">0.783203 0.275391 0.863281 0.275391 0.863281 0.316406 0.863281 0.316406 0.783203 0.316406 0.783203 0.275391 0.783203 0.275391 0.863281 0.275391 0.863281 0.316406 0.863281 0.316406 0.783203 0.316406 0.783203 0.275391 0.783203 0.275391 0.863281 0.275391 0.863281 0.316406 0.863281 0.316406 0.783203 0.316406 0.783203 0.275391 0.783203 0.275391 0.863281 0.275391 0.863281 0.316406 0.863281 0.316406 0.783203 0.316406 0.783203 0.275391 0.783203 0.275391 0.863281 0.275391 0.863281 0.316406 0.863281 0.316406 0.783203 0.316406 0.783203 0.275391 0.783203 0.275391 0.863281 0.275391 0.863281 0.316406 0.863281 0.316406 0.783203 0.316406 0.783203 0.275391 </float_array>
					<technique_common>
						<accessor source="#geometry14-texcoords-array" count="36" stride="2">
							<param name="S" type="float" />
							<param name="T" type="float" />
						</accessor>
					</technique_common>
				</source>
				<vertices id="geometry14-vertices">
					<input semantic="POSITION" source="#geometry14-positions" />
				</vertices>
				<triangles material="#lambert10-material" count="12">
					<input semantic="VERTEX" source="#geometry14-vertices" offset="0" />
					<input semantic="NORMAL" source="#geometry14-normals" offset="1" />
					<input semantic="TEXCOORD" source="#geometry14-texcoords" offset="2" set="1" />
					<input semantic="COLOR" source="#geometry14-colors" offset="3" set="0" />
					<p>0 0 0 0 1 1 1 1 2 2 2 2 3 3 3 3 4 4 4 4 5 5 5 5 6 6 6 6 7 7 7 7 8 8 8 8 9 9 9 9 10 10 10 10 11 11 11 11 12 12 12 12 13 13 13 13 14 14 14 14 15 15 15 15 16 16 16 16 17 17 17 17 18 18 18 18 19 19 19 19 20 20 20 20 21 21 21 21 22 22 22 22 23 23 23 23 24 24 24 24 25 25 25 25 26 26 26 26 27 27 27 27 28 28 28 28 29 29 29 29 30 30 30 30 31 31 31 31 32 32 32 32 33 33 33 33 34 34 34 34 35 35 35 35 </p>
				</triangles>
			</mesh>
		</geometry>
		<geometry id="geometry15" name="geom15">
			<mesh>
				<source id="geometry15-positions">
					<float_array id="geometry15-positions-array" count="216">0.008789 0.028564 -0.034180 0.006836 0.028564 -0.034424 0.017090 0.038818 -0.016846 0.015137 0.038818 -0.016846 0.017090 0.038818 -0.016846 0.006836 0.028564 -0.034424 0.017090 0.038818 -0.016846 0.015137 0.038818 -0.016846 0.018066 0.039551 0.000000 0.016113 0.039551 0.000000 0.018066 0.039551 0.000000 0.015137 0.038818 -0.016846 0.018066 0.039551 0.000000 0.016113 0.039551 0.000000 0.015625 0.036133 0.017334 0.013428 0.036133 0.017334 0.015625 0.036133 0.017334 0.016113 0.039551 0.000000 0.015625 0.036133 0.017334 0.013428 0.036133 0.017334 0.008789 0.025146 0.035889 0.006348 0.025146 0.035889 0.008789 0.025146 0.035889 0.013428 0.036133 0.017334 0.008789 0.025146 0.035889 0.006348 0.025146 0.035889 0.000244 0.006592 0.047607 -0.002197 0.006592 0.047607 0.000244 0.006592 0.047607 0.006348 0.025146 0.035889 0.013428 0.036133 0.017334 -0.003418 0.026123 0.017334 0.006348 0.025146 0.035889 -0.006592 0.016846 0.029297 0.006348 0.025146 0.035889 -0.003418 0.026123 0.017334 0.006348 0.025146 0.035889 -0.006592 0.016846 0.029297 -0.002197 0.006592 0.047607 -0.010498 0.003906 0.035645 -0.002197 0.006592 0.047607 -0.006592 0.016846 0.029297 -0.007080 0.006592 -0.034668 -0.003662 0.019043 -0.026855 -0.000732 0.004150 -0.049316 0.006836 0.028564 -0.034424 -0.000732 0.004150 -0.049316 -0.003662 0.019043 -0.026855 -0.003662 0.019043 -0.026855 -0.001709 0.027344 -0.013916 0.006836 0.028564 -0.034424 0.015137 0.038818 -0.016846 0.006836 0.028564 -0.034424 -0.001709 0.027344 -0.013916 -0.001709 0.027344 -0.013916 -0.001709 0.029785 0.001953 0.015137 0.038818 -0.016846 0.016113 0.039551 0.000000 0.015137 0.038818 -0.016846 -0.001709 0.029785 0.001953 -0.001709 0.029785 0.001953 -0.003418 0.026123 0.017334 0.016113 0.039551 0.000000 0.013428 0.036133 0.017334 0.016113 0.039551 0.000000 -0.003418 0.026123 0.017334 -0.000732 0.004150 -0.049316 0.006836 0.028564 -0.034424 0.008789 0.028564 -0.034180 0.008789 0.028564 -0.034180 0.001221 0.004150 -0.048584 -0.000732 0.004150 -0.049316 </float_array>
					<technique_common>
						<accessor source="#geometry15-positions-array" count="72" stride="3">
							<param name="X" type="float" />
							<param name="Y" type="float" />
							<param name="Z" type="float" />
						</accessor>
					</technique_common>
				</source>
				<source id="geometry15-normals">
					<float_array id="geometry15-normals-array" count="216">0.066423 0.844522 -0.531385 0.066423 0.844522 -0.531385 0.066423 0.844522 -0.531385 0.000000 0.863779 -0.503871 0.000000 0.863779 -0.503871 0.000000 0.863779 -0.503871 0.000000 0.999056 -0.043437 0.000000 0.999056 -0.043437 0.000000 0.999056 -0.043437 0.000000 0.999056 -0.043437 0.000000 0.999056 -0.043437 0.000000 0.999056 -0.043437 0.000000 0.981109 0.193458 0.000000 0.981109 0.193458 0.000000 0.981109 0.193458 -0.000000 0.981109 0.193458 -0.000000 0.981109 0.193458 -0.000000 0.981109 0.193458 0.000000 0.860475 0.509492 0.000000 0.860475 0.509492 0.000000 0.860475 0.509492 -0.000000 0.860475 0.509492 -0.000000 0.860475 0.509492 -0.000000 0.860475 0.509492 0.000000 0.533993 0.845489 0.000000 0.533993 0.845489 0.000000 0.533993 0.845489 -0.000000 0.533993 0.845489 -0.000000 0.533993 0.845489 -0.000000 0.533993 0.845489 -0.487351 0.820176 0.299668 -0.487351 0.820176 0.299668 -0.487351 0.820176 0.299668 -0.627427 0.687093 0.366387 -0.627427 0.687093 0.366387 -0.627427 0.687093 0.366387 -0.633675 0.600133 0.488157 -0.633675 0.600133 0.488157 -0.633675 0.600133 0.488157 -0.777833 0.450026 0.438694 -0.777833 0.450026 0.438694 -0.777833 0.450026 0.438694 -0.776471 0.473817 -0.415440 -0.776471 0.473817 -0.415440 -0.776471 0.473817 -0.415440 -0.756759 0.495022 -0.426929 -0.756759 0.495022 -0.426929 -0.756759 0.495022 -0.426929 -0.747154 0.604953 -0.275305 -0.747154 0.604953 -0.275305 -0.747154 0.604953 -0.275305 -0.575083 0.795177 -0.192286 -0.575083 0.795177 -0.192286 -0.575083 0.795177 -0.192286 -0.573288 0.809826 -0.124589 -0.573288 0.809826 -0.124589 -0.573288 0.809826 -0.124589 -0.481369 0.876459 -0.010201 -0.481369 0.876459 -0.010201 -0.481369 0.876459 -0.010201 -0.461342 0.873281 0.156664 -0.461342 0.873281 0.156664 -0.461342 0.873281 0.156664 -0.508753 0.856195 0.090006 -0.508753 0.856195 0.090006 -0.508753 0.856195 0.090006 0.107905 0.493126 -0.863240 0.107905 0.493126 -0.863240 0.107905 0.493126 -0.863240 0.320963 0.405483 -0.855901 0.320963 0.405483 -0.855901 0.320963 0.405483 -0.855901 </float_array>
					<technique_common>
						<accessor source="#geometry15-normals-array" count="72" stride="3">
							<param name="X" type="float" />
							<param name="Y" type="float" />
							<param name="Z" type="float" />
						</accessor>
					</technique_common>
				</source>
				<source id="geometry15-colors">
					<float_array id="geometry15-colors-array" count="216">1.000000 1.000000 1.000000 1.000000 1.000000 1.000000 1.000000 1.000000 1.000000 1.000000 1.000000 1.000000 1.000000 1.000000 1.000000 1.000000 1.000000 1.000000 1.000000 1.000000 1.000000 1.000000 1.000000 1.000000 1.000000 1.000000 1.000000 1.000000 1.000000 1.000000 1.000000 1.000000 1.000000 1.000000 1.000000 1.000000 1.000000 1.000000 1.000000 1.000000 1.000000 1.000000 1.000000 1.000000 1.000000 1.000000 1.000000 1.000000 1.000000 1.000000 1.000000 1.000000 1.000000 1.000000 1.000000 1.000000 1.000000 1.000000 1.000000 1.000000 1.000000 1.000000 1.000000 1.000000 1.000000 1.000000 1.000000 1.000000 1.000000 1.000000 1.000000 1.000000 1.000000 1.000000 1.000000 1.000000 1.000000 1.000000 1.000000 1.000000 1.000000 1.000000 1.000000 1.000000 1.000000 1.000000 1.000000 1.000000 1.000000 1.000000 1.000000 1.000000 1.000000 1.000000 1.000000 1.000000 1.000000 1.000000 1.000000 1.000000 1.000000 1.000000 1.000000 1.000000 1.000000 1.000000 1.000000 1.000000 1.000000 1.000000 1.000000 1.000000 1.000000 1.000000 1.000000 1.000000 1.000000 1.000000 1.000000 1.000000 1.000000 1.000000 1.000000 1.000000 1.000000 1.000000 1.000000 1.000000 1.000000 1.000000 1.000000 1.000000 1.000000 1.000000 1.000000 1.000000 1.000000 1.000000 1.000000 1.000000 1.000000 1.000000 1.000000 1.000000 1.000000 1.000000 1.000000 1.000000 1.000000 1.000000 1.000000 1.000000 1.000000 1.000000 1.000000 1.000000 1.000000 1.000000 1.000000 1.000000 1.000000 1.000000 1.000000 1.000000 1.000000 1.000000 1.000000 1.000000 1.000000 1.000000 1.000000 1.000000 1.000000 1.000000 1.000000 1.000000 1.000000 1.000000 1.000000 1.000000 1.000000 1.000000 1.000000 1.000000 1.000000 1.000000 1.000000 1.000000 1.000000 1.000000 1.000000 1.000000 1.000000 1.000000 1.000000 1.000000 1.000000 1.000000 1.000000 1.000000 1.000000 1.000000 1.000000 1.000000 1.000000 1.000000 1.000000 1.000000 1.000000 1.000000 1.000000 1.000000 1.000000 1.000000 1.000000 1.000000 </float_array>
					<technique_common>
						<accessor source="#geometry15-colors-array" count="72" stride="3">
							<param name="R" type="float" />
							<param name="G" type="float" />
							<param name="B" type="float" />
						</accessor>
					</technique_common>
				</source>
				<source id="geometry15-texcoords">
					<float_array id="geometry15-texcoords-array" count="144">0.519043 0.428711 0.528320 0.427734 0.480469 0.487793 0.489746 0.487305 0.480469 0.487793 0.528320 0.427734 0.480469 0.487793 0.489746 0.487305 0.476563 0.544922 0.485352 0.544922 0.476563 0.544922 0.489746 0.487305 0.476563 0.544922 0.485352 0.544922 0.487793 0.603027 0.497559 0.603027 0.487793 0.603027 0.485352 0.544922 0.487793 0.603027 0.497559 0.603027 0.519531 0.666504 0.530762 0.666504 0.519531 0.666504 0.497559 0.603027 0.519531 0.666504 0.530762 0.666504 0.559570 0.706055 0.571289 0.706055 0.559570 0.706055 0.530762 0.666504 0.479004 0.621582 0.638672 0.621582 0.531738 0.697754 0.644043 0.670898 0.531738 0.697754 0.638672 0.621582 0.531738 0.697754 0.644043 0.670898 0.578125 0.745117 0.650391 0.696289 0.578125 0.745117 0.644043 0.670898 0.667969 0.409668 0.641113 0.440918 0.565430 0.350098 0.511230 0.410645 0.565430 0.350098 0.641113 0.440918 0.641113 0.440918 0.622559 0.494141 0.511230 0.410645 0.453613 0.482422 0.511230 0.410645 0.622559 0.494141 0.622559 0.494141 0.620606 0.558594 0.453613 0.482422 0.459473 0.551270 0.453613 0.482422 0.620606 0.558594 0.620606 0.558594 0.638672 0.621582 0.459473 0.551270 0.479004 0.621582 0.459473 0.551270 0.638672 0.621582 0.563965 0.377441 0.528320 0.427734 0.519043 0.428711 0.519043 0.428711 0.555176 0.380371 0.563965 0.377441 </float_array>
					<technique_common>
						<accessor source="#geometry15-texcoords-array" count="72" stride="2">
							<param name="S" type="float" />
							<param name="T" type="float" />
						</accessor>
					</technique_common>
				</source>
				<vertices id="geometry15-vertices">
					<input semantic="POSITION" source="#geometry15-positions" />
				</vertices>
				<triangles material="#lambert11-material" count="24">
					<input semantic="VERTEX" source="#geometry15-vertices" offset="0" />
					<input semantic="NORMAL" source="#geometry15-normals" offset="1" />
					<input semantic="TEXCOORD" source="#geometry15-texcoords" offset="2" set="1" />
					<input semantic="COLOR" source="#geometry15-colors" offset="3" set="0" />
					<p>0 0 0 0 1 1 1 1 2 2 2 2 3 3 3 3 4 4 4 4 5 5 5 5 6 6 6 6 7 7 7 7 8 8 8 8 9 9 9 9 10 10 10 10 11 11 11 11 12 12 12 12 13 13 13 13 14 14 14 14 15 15 15 15 16 16 16 16 17 17 17 17 18 18 18 18 19 19 19 19 20 20 20 20 21 21 21 21 22 22 22 22 23 23 23 23 24 24 24 24 25 25 25 25 26 26 26 26 27 27 27 27 28 28 28 28 29 29 29 29 30 30 30 30 31 31 31 31 32 32 32 32 33 33 33 33 34 34 34 34 35 35 35 35 36 36 36 36 37 37 37 37 38 38 38 38 39 39 39 39 40 40 40 40 41 41 41 41 42 42 42 42 43 43 43 43 44 44 44 44 45 45 45 45 46 46 46 46 47 47 47 47 48 48 48 48 49 49 49 49 50 50 50 50 51 51 51 51 52 52 52 52 53 53 53 53 54 54 54 54 55 55 55 55 56 56 56 56 57 57 57 57 58 58 58 58 59 59 59 59 60 60 60 60 61 61 61 61 62 62 62 62 63 63 63 63 64 64 64 64 65 65 65 65 66 66 66 66 67 67 67 67 68 68 68 68 69 69 69 69 70 70 70 70 71 71 71 71 </p>
				</triangles>
			</mesh>
		</geometry>
		<geometry id="geometry16" name="geom16">
			<mesh>
				<source id="geometry16-positions">
					<float_array id="geometry16-positions-array" count="396">0.042725 -0.014893 0.000000 0.040771 -0.017090 -0.047607 0.023193 -0.003174 0.000000 0.021973 -0.005615 -0.047607 0.023193 -0.003174 0.000000 0.040771 -0.017090 -0.047607 0.023193 -0.003174 0.000000 0.021973 -0.005615 -0.047607 0.000000 0.000000 0.000000 0.000000 -0.002686 -0.047607 0.000000 0.000000 0.000000 0.021973 -0.005615 -0.047607 0.000000 0.000000 0.000000 0.000000 -0.002686 -0.047607 -0.023193 -0.006104 0.000000 -0.022217 -0.008545 -0.047607 -0.023193 -0.006104 0.000000 0.000000 -0.002686 -0.047607 -0.023193 -0.006104 0.000000 -0.022217 -0.008545 -0.047607 -0.042969 -0.020508 0.000000 -0.041016 -0.022217 -0.047607 -0.042969 -0.020508 0.000000 -0.022217 -0.008545 -0.047607 0.030762 -0.030029 0.000000 0.042725 -0.014893 0.000000 0.016602 -0.021729 0.000000 0.023193 -0.003174 0.000000 0.016602 -0.021729 0.000000 0.042725 -0.014893 0.000000 0.016602 -0.021729 0.000000 0.023193 -0.003174 0.000000 0.000000 -0.019287 0.000000 0.000000 0.000000 0.000000 0.000000 -0.019287 0.000000 0.023193 -0.003174 0.000000 0.000000 -0.019287 0.000000 0.000000 0.000000 0.000000 -0.016846 -0.023682 0.000000 -0.023193 -0.006104 0.000000 -0.016846 -0.023682 0.000000 0.000000 0.000000 0.000000 -0.016846 -0.023682 0.000000 -0.023193 -0.006104 0.000000 -0.031006 -0.034180 0.000000 -0.042969 -0.020508 0.000000 -0.031006 -0.034180 0.000000 -0.023193 -0.006104 0.000000 0.040771 -0.017090 -0.047607 0.032715 -0.025635 -0.064697 0.021973 -0.005615 -0.047607 0.017578 -0.016602 -0.064697 0.021973 -0.005615 -0.047607 0.032715 -0.025635 -0.064697 0.021973 -0.005615 -0.047607 0.017578 -0.016602 -0.064697 0.000000 -0.002686 -0.047607 0.000000 -0.014160 -0.064697 0.000000 -0.002686 -0.047607 0.017578 -0.016602 -0.064697 0.000000 -0.002686 -0.047607 0.000000 -0.014160 -0.064697 -0.022217 -0.008545 -0.047607 -0.017822 -0.019043 -0.064697 -0.022217 -0.008545 -0.047607 0.000000 -0.014160 -0.064697 -0.022217 -0.008545 -0.047607 -0.017822 -0.019043 -0.064697 -0.041016 -0.022217 -0.047607 -0.032959 -0.030029 -0.064697 -0.041016 -0.022217 -0.047607 -0.017822 -0.019043 -0.064697 0.032715 -0.025635 -0.064697 0.030273 -0.028076 -0.098389 0.017578 -0.016602 -0.064697 0.016357 -0.019775 -0.098389 0.017578 -0.016602 -0.064697 0.030273 -0.028076 -0.098389 0.017578 -0.016602 -0.064697 0.016357 -0.019775 -0.098389 0.000000 -0.014160 -0.064697 0.000000 -0.017578 -0.098389 0.000000 -0.014160 -0.064697 0.016357 -0.019775 -0.098389 0.000000 -0.014160 -0.064697 0.000000 -0.017578 -0.098389 -0.017822 -0.019043 -0.064697 -0.016602 -0.021729 -0.098389 -0.017822 -0.019043 -0.064697 0.000000 -0.017578 -0.098389 -0.017822 -0.019043 -0.064697 -0.016602 -0.021729 -0.098389 -0.032959 -0.030029 -0.064697 -0.030518 -0.031982 -0.098389 -0.032959 -0.030029 -0.064697 -0.016602 -0.021729 -0.098389 0.042725 -0.014893 0.000000 0.030762 -0.030029 0.000000 0.040771 -0.017090 -0.047607 0.030762 -0.029297 -0.047607 0.040771 -0.017090 -0.047607 0.030762 -0.030029 0.000000 0.040771 -0.017090 -0.047607 0.030762 -0.029297 -0.047607 0.032715 -0.025635 -0.064697 0.028320 -0.030273 -0.064697 0.032715 -0.025635 -0.064697 0.030762 -0.029297 -0.047607 -0.042969 -0.020508 0.000000 -0.041016 -0.022217 -0.047607 -0.031006 -0.034180 0.000000 -0.031006 -0.033447 -0.047607 -0.031006 -0.034180 0.000000 -0.041016 -0.022217 -0.047607 -0.028564 -0.033936 -0.064697 -0.031006 -0.033447 -0.047607 -0.032959 -0.030029 -0.064697 -0.041016 -0.022217 -0.047607 -0.032959 -0.030029 -0.064697 -0.031006 -0.033447 -0.047607 0.030273 -0.028076 -0.098389 0.032715 -0.025635 -0.064697 0.028320 -0.030273 -0.064697 0.028320 -0.030273 -0.064697 0.026367 -0.032227 -0.098389 0.030273 -0.028076 -0.098389 -0.032959 -0.030029 -0.064697 -0.030518 -0.031982 -0.098389 -0.026611 -0.035645 -0.098389 -0.026611 -0.035645 -0.098389 -0.028564 -0.033936 -0.064697 -0.032959 -0.030029 -0.064697 </float_array>
					<technique_common>
						<accessor source="#geometry16-positions-array" count="132" stride="3">
							<param name="X" type="float" />
							<param name="Y" type="float" />
							<param name="Z" type="float" />
						</accessor>
					</technique_common>
				</source>
				<source id="geometry16-normals">
					<float_array id="geometry16-normals-array" count="396">0.513551 0.855918 -0.060573 0.513551 0.855918 -0.060573 0.513551 0.855918 -0.060573 0.520153 0.852166 -0.057038 0.520153 0.852166 -0.057038 0.520153 0.852166 -0.057038 0.135379 0.989310 -0.054205 0.135379 0.989310 -0.054205 0.135379 0.989310 -0.054205 0.131958 0.989682 -0.055828 0.131958 0.989682 -0.055828 0.131958 0.989682 -0.055828 -0.254115 0.965639 -0.054472 -0.254115 0.965639 -0.054472 -0.254115 0.965639 -0.054472 -0.254634 0.965487 -0.054735 -0.254634 0.965487 -0.054735 -0.254634 0.965487 -0.054735 -0.587923 0.807149 -0.053452 -0.587923 0.807149 -0.053452 -0.587923 0.807149 -0.053452 -0.587342 0.807596 -0.053087 -0.587342 0.807596 -0.053087 -0.587342 0.807596 -0.053087 0.000000 -0.000000 1.000000 0.000000 -0.000000 1.000000 0.000000 -0.000000 1.000000 0.000000 0.000000 1.000000 0.000000 0.000000 1.000000 0.000000 0.000000 1.000000 0.000000 -0.000000 1.000000 0.000000 -0.000000 1.000000 0.000000 -0.000000 1.000000 0.000000 0.000000 1.000000 0.000000 0.000000 1.000000 0.000000 0.000000 1.000000 0.000000 -0.000000 1.000000 0.000000 -0.000000 1.000000 0.000000 -0.000000 1.000000 -0.000000 0.000000 1.000000 -0.000000 0.000000 1.000000 -0.000000 0.000000 1.000000 0.000000 0.000000 1.000000 0.000000 0.000000 1.000000 0.000000 0.000000 1.000000 -0.000000 0.000000 1.000000 -0.000000 0.000000 1.000000 -0.000000 0.000000 1.000000 0.432353 0.708324 -0.557986 0.432353 0.708324 -0.557986 0.432353 0.708324 -0.557986 0.423015 0.708836 -0.564456 0.423015 0.708836 -0.564456 0.423015 0.708836 -0.564456 0.109737 0.823024 -0.557305 0.109737 0.823024 -0.557305 0.109737 0.823024 -0.557305 0.114549 0.824756 -0.553765 0.114549 0.824756 -0.553765 0.114549 0.824756 -0.553765 -0.213892 0.811008 -0.544534 -0.213892 0.811008 -0.544534 -0.213892 0.811008 -0.544534 -0.220493 0.804798 -0.551074 -0.220493 0.804798 -0.551074 -0.220493 0.804798 -0.551074 -0.493591 0.678687 -0.543831 -0.493591 0.678687 -0.543831 -0.493591 0.678687 -0.543831 -0.493200 0.679520 -0.543146 -0.493200 0.679520 -0.543146 -0.493200 0.679520 -0.543146 0.509946 0.854505 -0.098873 0.509946 0.854505 -0.098873 0.509946 0.854505 -0.098873 0.509763 0.854603 -0.098976 0.509763 0.854603 -0.098976 0.509763 0.854603 -0.098976 0.136909 0.985742 -0.097820 0.136909 0.985742 -0.097820 0.136909 0.985742 -0.097820 0.132465 0.986126 -0.100042 0.132465 0.986126 -0.100042 0.132465 0.986126 -0.100042 -0.262979 0.959875 -0.097379 -0.262979 0.959875 -0.097379 -0.262979 0.959875 -0.097379 -0.241641 0.966565 -0.085800 -0.241641 0.966565 -0.085800 -0.241641 0.966565 -0.085800 -0.585246 0.806338 -0.085478 -0.585246 0.806338 -0.085478 -0.585246 0.806338 -0.085478 -0.590829 0.801840 -0.089297 -0.590829 0.801840 -0.089297 -0.590829 0.801840 -0.089297 0.784554 -0.620051 -0.003569 0.784554 -0.620051 -0.003569 0.784554 -0.620051 -0.003569 0.773231 -0.634049 -0.009755 0.773231 -0.634049 -0.009755 0.773231 -0.634049 -0.009755 0.772397 -0.633365 -0.047447 0.772397 -0.633365 -0.047447 0.772397 -0.633365 -0.047447 0.724452 -0.686323 -0.064275 0.724452 -0.686323 -0.064275 0.724452 -0.686323 -0.064275 -0.752557 -0.658487 -0.007236 -0.752557 -0.658487 -0.007236 -0.752557 -0.658487 -0.007236 -0.746474 -0.665336 -0.010236 -0.746474 -0.665336 -0.010236 -0.746474 -0.665336 -0.010236 -0.662574 -0.745396 -0.073356 -0.662574 -0.745396 -0.073356 -0.662574 -0.745396 -0.073356 -0.745663 -0.664613 -0.047704 -0.745663 -0.664613 -0.047704 -0.745663 -0.664613 -0.047704 0.725950 -0.687742 -0.002769 0.725950 -0.687742 -0.002769 0.725950 -0.687742 -0.002769 0.728198 -0.685363 -0.002483 0.728198 -0.685363 -0.002483 0.728198 -0.685363 -0.002483 -0.683923 -0.729518 -0.007269 -0.683923 -0.729518 -0.007269 -0.683923 -0.729518 -0.007269 -0.664364 -0.747409 -0.000602 -0.664364 -0.747409 -0.000602 -0.664364 -0.747409 -0.000602 </float_array>
					<technique_common>
						<accessor source="#geometry16-normals-array" count="132" stride="3">
							<param name="X" type="float" />
							<param name="Y" type="float" />
							<param name="Z" type="float" />
						</accessor>
					</technique_common>
				</source>
				<source id="geometry16-colors">
					<float_array id="geometry16-colors-array" count="396">1.000000 1.000000 1.000000 1.000000 1.000000 1.000000 1.000000 1.000000 1.000000 1.000000 1.000000 1.000000 1.000000 1.000000 1.000000 1.000000 1.000000 1.000000 1.000000 1.000000 1.000000 1.000000 1.000000 1.000000 1.000000 1.000000 1.000000 1.000000 1.000000 1.000000 1.000000 1.000000 1.000000 1.000000 1.000000 1.000000 1.000000 1.000000 1.000000 1.000000 1.000000 1.000000 1.000000 1.000000 1.000000 1.000000 1.000000 1.000000 1.000000 1.000000 1.000000 1.000000 1.000000 1.000000 1.000000 1.000000 1.000000 1.000000 1.000000 1.000000 1.000000 1.000000 1.000000 1.000000 1.000000 1.000000 1.000000 1.000000 1.000000 1.000000 1.000000 1.000000 1.000000 1.000000 1.000000 1.000000 1.000000 1.000000 1.000000 1.000000 1.000000 1.000000 1.000000 1.000000 1.000000 1.000000 1.000000 1.000000 1.000000 1.000000 1.000000 1.000000 1.000000 1.000000 1.000000 1.000000 1.000000 1.000000 1.000000 1.000000 1.000000 1.000000 1.000000 1.000000 1.000000 1.000000 1.000000 1.000000 1.000000 1.000000 1.000000 1.000000 1.000000 1.000000 1.000000 1.000000 1.000000 1.000000 1.000000 1.000000 1.000000 1.000000 1.000000 1.000000 1.000000 1.000000 1.000000 1.000000 1.000000 1.000000 1.000000 1.000000 1.000000 1.000000 1.000000 1.000000 1.000000 1.000000 1.000000 1.000000 1.000000 1.000000 1.000000 1.000000 1.000000 1.000000 1.000000 1.000000 1.000000 1.000000 1.000000 1.000000 1.000000 1.000000 1.000000 1.000000 1.000000 1.000000 1.000000 1.000000 1.000000 1.000000 1.000000 1.000000 1.000000 1.000000 1.000000 1.000000 1.000000 1.000000 1.000000 1.000000 1.000000 1.000000 1.000000 1.000000 1.000000 1.000000 1.000000 1.000000 1.000000 1.000000 1.000000 1.000000 1.000000 1.000000 1.000000 1.000000 1.000000 1.000000 1.000000 1.000000 1.000000 1.000000 1.000000 1.000000 1.000000 1.000000 1.000000 1.000000 1.000000 1.000000 1.000000 1.000000 1.000000 1.000000 1.000000 1.000000 1.000000 1.000000 1.000000 1.000000 1.000000 1.000000 1.000000 1.000000 1.000000 1.000000 1.000000 1.000000 1.000000 1.000000 1.000000 1.000000 1.000000 1.000000 1.000000 1.000000 1.000000 1.000000 1.000000 1.000000 1.000000 1.000000 1.000000 1.000000 1.000000 1.000000 1.000000 1.000000 1.000000 1.000000 1.000000 1.000000 1.000000 1.000000 1.000000 1.000000 1.000000 1.000000 1.000000 1.000000 1.000000 1.000000 1.000000 1.000000 1.000000 1.000000 1.000000 1.000000 1.000000 1.000000 1.000000 1.000000 1.000000 1.000000 1.000000 1.000000 1.000000 1.000000 1.000000 1.000000 1.000000 1.000000 1.000000 1.000000 1.000000 1.000000 1.000000 1.000000 1.000000 1.000000 1.000000 1.000000 1.000000 1.000000 1.000000 1.000000 1.000000 1.000000 1.000000 1.000000 1.000000 1.000000 1.000000 1.000000 1.000000 1.000000 1.000000 1.000000 1.000000 1.000000 1.000000 1.000000 1.000000 1.000000 1.000000 1.000000 1.000000 1.000000 1.000000 1.000000 1.000000 1.000000 1.000000 1.000000 1.000000 1.000000 1.000000 1.000000 1.000000 1.000000 1.000000 1.000000 1.000000 1.000000 1.000000 1.000000 1.000000 1.000000 1.000000 1.000000 1.000000 1.000000 1.000000 1.000000 1.000000 1.000000 1.000000 1.000000 1.000000 1.000000 1.000000 1.000000 1.000000 1.000000 1.000000 1.000000 1.000000 1.000000 1.000000 1.000000 1.000000 1.000000 1.000000 1.000000 1.000000 1.000000 1.000000 1.000000 1.000000 1.000000 1.000000 1.000000 1.000000 1.000000 1.000000 1.000000 1.000000 1.000000 1.000000 1.000000 1.000000 1.000000 1.000000 1.000000 1.000000 1.000000 1.000000 1.000000 1.000000 1.000000 1.000000 1.000000 1.000000 1.000000 1.000000 1.000000 1.000000 1.000000 1.000000 1.000000 1.000000 1.000000 1.000000 1.000000 </float_array>
					<technique_common>
						<accessor source="#geometry16-colors-array" count="132" stride="3">
							<param name="R" type="float" />
							<param name="G" type="float" />
							<param name="B" type="float" />
						</accessor>
					</technique_common>
				</source>
				<source id="geometry16-texcoords">
					<float_array id="geometry16-texcoords-array" count="264">0.358398 0.012695 0.359375 0.205566 0.286621 0.012695 0.285645 0.205566 0.286621 0.012695 0.359375 0.205566 0.286621 0.012695 0.285645 0.205566 0.216797 0.012695 0.216309 0.205566 0.216797 0.012695 0.285645 0.205566 0.216797 0.012695 0.216309 0.205566 0.147461 0.012695 0.146973 0.205566 0.147461 0.012695 0.216309 0.205566 0.147461 0.012695 0.146973 0.205566 0.082031 0.012695 0.082031 0.205566 0.082031 0.012695 0.146973 0.205566 0.441895 0.058105 0.372559 0.058105 0.441895 0.215332 0.377930 0.215332 0.441895 0.215332 0.372559 0.058105 0.441895 0.215332 0.377930 0.215332 0.441895 0.058105 0.372559 0.058105 0.441895 0.058105 0.377930 0.215332 0.441895 0.058105 0.372559 0.058105 0.441895 0.215332 0.377930 0.215332 0.441895 0.215332 0.372559 0.058105 0.441895 0.215332 0.377930 0.215332 0.441895 0.058105 0.372559 0.058105 0.441895 0.058105 0.377930 0.215332 0.357910 0.017578 0.357910 0.206543 0.285645 0.025879 0.285645 0.206543 0.285645 0.025879 0.357910 0.206543 0.285645 0.025879 0.285645 0.206543 0.216309 0.025879 0.216309 0.206543 0.216309 0.025879 0.285645 0.206543 0.216309 0.025879 0.216309 0.206543 0.146973 0.025879 0.146973 0.206543 0.146973 0.025879 0.216309 0.206543 0.146973 0.025879 0.146973 0.206543 0.081543 0.017578 0.081543 0.206543 0.081543 0.017578 0.146973 0.206543 0.359375 0.007324 0.358398 0.206055 0.285645 0.007324 0.286621 0.206055 0.285645 0.007324 0.358398 0.206055 0.285645 0.007324 0.286621 0.206055 0.216309 0.007324 0.216797 0.206055 0.216309 0.007324 0.286621 0.206055 0.216309 0.007324 0.216797 0.206055 0.146973 0.007324 0.147461 0.206055 0.146973 0.007324 0.216797 0.206055 0.146973 0.007324 0.147461 0.206055 0.082031 0.007324 0.082031 0.206055 0.082031 0.007324 0.147461 0.206055 0.372559 0.058105 0.441895 0.058105 0.377930 0.215332 0.441895 0.215332 0.377930 0.215332 0.441895 0.058105 0.377930 0.215332 0.441895 0.215332 0.372559 0.058105 0.441895 0.058105 0.372559 0.058105 0.441895 0.215332 0.372559 0.058105 0.377930 0.215332 0.441895 0.058105 0.441895 0.215332 0.441895 0.058105 0.377930 0.215332 0.441895 0.058105 0.441895 0.215332 0.372559 0.058105 0.377930 0.215332 0.372559 0.058105 0.441895 0.215332 0.377930 0.215332 0.372559 0.058105 0.441895 0.058105 0.441895 0.058105 0.441895 0.215332 0.377930 0.215332 0.372559 0.058105 0.377930 0.215332 0.441895 0.215332 0.441895 0.215332 0.441895 0.058105 0.372559 0.058105 </float_array>
					<technique_common>
						<accessor source="#geometry16-texcoords-array" count="132" stride="2">
							<param name="S" type="float" />
							<param name="T" type="float" />
						</accessor>
					</technique_common>
				</source>
				<vertices id="geometry16-vertices">
					<input semantic="POSITION" source="#geometry16-positions" />
				</vertices>
				<triangles material="#lambert11-material" count="44">
					<input semantic="VERTEX" source="#geometry16-vertices" offset="0" />
					<input semantic="NORMAL" source="#geometry16-normals" offset="1" />
					<input semantic="TEXCOORD" source="#geometry16-texcoords" offset="2" set="1" />
					<input semantic="COLOR" source="#geometry16-colors" offset="3" set="0" />
					<p>0 0 0 0 1 1 1 1 2 2 2 2 3 3 3 3 4 4 4 4 5 5 5 5 6 6 6 6 7 7 7 7 8 8 8 8 9 9 9 9 10 10 10 10 11 11 11 11 12 12 12 12 13 13 13 13 14 14 14 14 15 15 15 15 16 16 16 16 17 17 17 17 18 18 18 18 19 19 19 19 20 20 20 20 21 21 21 21 22 22 22 22 23 23 23 23 24 24 24 24 25 25 25 25 26 26 26 26 27 27 27 27 28 28 28 28 29 29 29 29 30 30 30 30 31 31 31 31 32 32 32 32 33 33 33 33 34 34 34 34 35 35 35 35 36 36 36 36 37 37 37 37 38 38 38 38 39 39 39 39 40 40 40 40 41 41 41 41 42 42 42 42 43 43 43 43 44 44 44 44 45 45 45 45 46 46 46 46 47 47 47 47 48 48 48 48 49 49 49 49 50 50 50 50 51 51 51 51 52 52 52 52 53 53 53 53 54 54 54 54 55 55 55 55 56 56 56 56 57 57 57 57 58 58 58 58 59 59 59 59 60 60 60 60 61 61 61 61 62 62 62 62 63 63 63 63 64 64 64 64 65 65 65 65 66 66 66 66 67 67 67 67 68 68 68 68 69 69 69 69 70 70 70 70 71 71 71 71 72 72 72 72 73 73 73 73 74 74 74 74 75 75 75 75 76 76 76 76 77 77 77 77 78 78 78 78 79 79 79 79 80 80 80 80 81 81 81 81 82 82 82 82 83 83 83 83 84 84 84 84 85 85 85 85 86 86 86 86 87 87 87 87 88 88 88 88 89 89 89 89 90 90 90 90 91 91 91 91 92 92 92 92 93 93 93 93 94 94 94 94 95 95 95 95 96 96 96 96 97 97 97 97 98 98 98 98 99 99 99 99 100 100 100 100 101 101 101 101 102 102 102 102 103 103 103 103 104 104 104 104 105 105 105 105 106 106 106 106 107 107 107 107 108 108 108 108 109 109 109 109 110 110 110 110 111 111 111 111 112 112 112 112 113 113 113 113 114 114 114 114 115 115 115 115 116 116 116 116 117 117 117 117 118 118 118 118 119 119 119 119 120 120 120 120 121 121 121 121 122 122 122 122 123 123 123 123 124 124 124 124 125 125 125 125 126 126 126 126 127 127 127 127 128 128 128 128 129 129 129 129 130 130 130 130 131 131 131 131 </p>
				</triangles>
			</mesh>
		</geometry>
		<geometry id="geometry17" name="geom17">
			<mesh>
				<source id="geometry17-positions">
					<float_array id="geometry17-positions-array" count="252">0.043457 -0.017822 0.000000 0.041748 -0.019775 -0.047363 -0.000244 0.000000 0.000000 -0.000244 -0.002686 -0.047363 -0.000244 0.000000 0.000000 0.041748 -0.019775 -0.047363 -0.000244 0.000000 0.000000 -0.000244 -0.002686 -0.047363 -0.041992 -0.017822 0.000000 -0.040039 -0.019775 -0.047363 -0.041992 -0.017822 0.000000 -0.000244 -0.002686 -0.047363 0.032471 -0.032227 0.000000 0.043457 -0.017822 0.000000 0.000977 -0.019531 0.000000 -0.000244 0.000000 0.000000 0.000977 -0.019531 0.000000 0.043457 -0.017822 0.000000 0.000977 -0.019531 0.000000 -0.000244 0.000000 0.000000 -0.029053 -0.032227 0.000000 -0.041992 -0.017822 0.000000 -0.029053 -0.032227 0.000000 -0.000244 0.000000 0.000000 0.041748 -0.019775 -0.047363 0.034180 -0.027832 -0.064697 -0.000244 -0.002686 -0.047363 0.000488 -0.014404 -0.064697 -0.000244 -0.002686 -0.047363 0.034180 -0.027832 -0.064697 -0.000244 -0.002686 -0.047363 0.000488 -0.014404 -0.064697 -0.040039 -0.019775 -0.047363 -0.031250 -0.027832 -0.064697 -0.040039 -0.019775 -0.047363 0.000488 -0.014404 -0.064697 0.034180 -0.027832 -0.064697 0.031982 -0.030029 -0.098389 0.000488 -0.014404 -0.064697 0.000732 -0.017578 -0.098389 0.000488 -0.014404 -0.064697 0.031982 -0.030029 -0.098389 0.000488 -0.014404 -0.064697 0.000732 -0.017578 -0.098389 -0.031250 -0.027832 -0.064697 -0.028809 -0.030273 -0.098389 -0.031250 -0.027832 -0.064697 0.000732 -0.017578 -0.098389 0.043457 -0.017822 0.000000 0.032471 -0.032227 0.000000 0.041748 -0.019775 -0.047363 0.032471 -0.031494 -0.047363 0.041748 -0.019775 -0.047363 0.032471 -0.032227 0.000000 0.041748 -0.019775 -0.047363 0.032471 -0.031494 -0.047363 0.034180 -0.027832 -0.064697 0.030273 -0.031982 -0.064697 0.034180 -0.027832 -0.064697 0.032471 -0.031494 -0.047363 -0.041992 -0.017822 0.000000 -0.040039 -0.019775 -0.047363 -0.029053 -0.032227 0.000000 -0.029297 -0.031494 -0.047363 -0.029053 -0.032227 0.000000 -0.040039 -0.019775 -0.047363 -0.026855 -0.032227 -0.064697 -0.029297 -0.031494 -0.047363 -0.031250 -0.027832 -0.064697 -0.040039 -0.019775 -0.047363 -0.031250 -0.027832 -0.064697 -0.029297 -0.031494 -0.047363 0.031982 -0.030029 -0.098389 0.034180 -0.027832 -0.064697 0.030273 -0.031982 -0.064697 0.030273 -0.031982 -0.064697 0.028320 -0.034180 -0.098389 0.031982 -0.030029 -0.098389 -0.031250 -0.027832 -0.064697 -0.028809 -0.030273 -0.098389 -0.024658 -0.034180 -0.098389 -0.024658 -0.034180 -0.098389 -0.026855 -0.032227 -0.064697 -0.031250 -0.027832 -0.064697 </float_array>
					<technique_common>
						<accessor source="#geometry17-positions-array" count="84" stride="3">
							<param name="X" type="float" />
							<param name="Y" type="float" />
							<param name="Z" type="float" />
						</accessor>
					</technique_common>
				</source>
				<source id="geometry17-normals">
					<float_array id="geometry17-normals-array" count="252">0.377120 0.924718 -0.051740 0.377120 0.924718 -0.051740 0.377120 0.924718 -0.051740 0.376436 0.924957 -0.052446 0.376436 0.924957 -0.052446 0.376436 0.924957 -0.052446 -0.392088 0.918453 -0.052077 -0.392088 0.918453 -0.052077 -0.392088 0.918453 -0.052077 -0.394022 0.917508 -0.054084 -0.394022 0.917508 -0.054084 -0.394022 0.917508 -0.054084 0.000000 -0.000000 1.000000 0.000000 -0.000000 1.000000 0.000000 -0.000000 1.000000 0.000000 0.000000 1.000000 0.000000 0.000000 1.000000 0.000000 0.000000 1.000000 0.000000 0.000000 1.000000 0.000000 0.000000 1.000000 0.000000 0.000000 1.000000 -0.000000 0.000000 1.000000 -0.000000 0.000000 1.000000 -0.000000 0.000000 1.000000 0.323936 0.795957 -0.511389 0.323936 0.795957 -0.511389 0.323936 0.795957 -0.511389 0.315733 0.792203 -0.522233 0.315733 0.792203 -0.522233 0.315733 0.792203 -0.522233 -0.332681 0.774672 -0.537779 -0.332681 0.774672 -0.537779 -0.332681 0.774672 -0.537779 -0.330322 0.780761 -0.530376 -0.330322 0.780761 -0.530376 -0.330322 0.780761 -0.530376 0.368908 0.925624 -0.084426 0.368908 0.925624 -0.084426 0.368908 0.925624 -0.084426 0.368814 0.925652 -0.084527 0.368814 0.925652 -0.084527 0.368814 0.925652 -0.084527 -0.388086 0.917294 -0.089224 -0.388086 0.917294 -0.089224 -0.388086 0.917294 -0.089224 -0.393059 0.914618 -0.094759 -0.393059 0.914618 -0.094759 -0.393059 0.914618 -0.094759 0.795117 -0.606445 -0.003682 0.795117 -0.606445 -0.003682 0.795117 -0.606445 -0.003682 0.784010 -0.620674 -0.009598 0.784010 -0.620674 -0.009598 0.784010 -0.620674 -0.009598 0.782912 -0.619805 -0.053756 0.782912 -0.619805 -0.053756 0.782912 -0.619805 -0.053756 0.726267 -0.683546 -0.072807 0.726267 -0.683546 -0.072807 0.726267 -0.683546 -0.072807 -0.743917 -0.668265 -0.003120 -0.743917 -0.668265 -0.003120 -0.743917 -0.668265 -0.003120 -0.737138 -0.675710 -0.006649 -0.737138 -0.675710 -0.006649 -0.737138 -0.675710 -0.006649 -0.705395 -0.705395 -0.069546 -0.705395 -0.705395 -0.069546 -0.705395 -0.705395 -0.069546 -0.735844 -0.674524 -0.059593 -0.735844 -0.674524 -0.059593 -0.735844 -0.674524 -0.059593 0.728197 -0.685362 -0.002794 0.728197 -0.685362 -0.002794 0.728197 -0.685362 -0.002794 0.749838 -0.661622 -0.000320 0.749838 -0.661622 -0.000320 0.749838 -0.661622 -0.000320 -0.685361 -0.728197 0.003104 -0.685361 -0.728197 0.003104 -0.685361 -0.728197 0.003104 -0.707098 -0.707098 -0.005124 -0.707098 -0.707098 -0.005124 -0.707098 -0.707098 -0.005124 </float_array>
					<technique_common>
						<accessor source="#geometry17-normals-array" count="84" stride="3">
							<param name="X" type="float" />
							<param name="Y" type="float" />
							<param name="Z" type="float" />
						</accessor>
					</technique_common>
				</source>
				<source id="geometry17-colors">
					<float_array id="geometry17-colors-array" count="252">1.000000 1.000000 1.000000 1.000000 1.000000 1.000000 1.000000 1.000000 1.000000 1.000000 1.000000 1.000000 1.000000 1.000000 1.000000 1.000000 1.000000 1.000000 1.000000 1.000000 1.000000 1.000000 1.000000 1.000000 1.000000 1.000000 1.000000 1.000000 1.000000 1.000000 1.000000 1.000000 1.000000 1.000000 1.000000 1.000000 1.000000 1.000000 1.000000 1.000000 1.000000 1.000000 1.000000 1.000000 1.000000 1.000000 1.000000 1.000000 1.000000 1.000000 1.000000 1.000000 1.000000 1.000000 1.000000 1.000000 1.000000 1.000000 1.000000 1.000000 1.000000 1.000000 1.000000 1.000000 1.000000 1.000000 1.000000 1.000000 1.000000 1.000000 1.000000 1.000000 1.000000 1.000000 1.000000 1.000000 1.000000 1.000000 1.000000 1.000000 1.000000 1.000000 1.000000 1.000000 1.000000 1.000000 1.000000 1.000000 1.000000 1.000000 1.000000 1.000000 1.000000 1.000000 1.000000 1.000000 1.000000 1.000000 1.000000 1.000000 1.000000 1.000000 1.000000 1.000000 1.000000 1.000000 1.000000 1.000000 1.000000 1.000000 1.000000 1.000000 1.000000 1.000000 1.000000 1.000000 1.000000 1.000000 1.000000 1.000000 1.000000 1.000000 1.000000 1.000000 1.000000 1.000000 1.000000 1.000000 1.000000 1.000000 1.000000 1.000000 1.000000 1.000000 1.000000 1.000000 1.000000 1.000000 1.000000 1.000000 1.000000 1.000000 1.000000 1.000000 1.000000 1.000000 1.000000 1.000000 1.000000 1.000000 1.000000 1.000000 1.000000 1.000000 1.000000 1.000000 1.000000 1.000000 1.000000 1.000000 1.000000 1.000000 1.000000 1.000000 1.000000 1.000000 1.000000 1.000000 1.000000 1.000000 1.000000 1.000000 1.000000 1.000000 1.000000 1.000000 1.000000 1.000000 1.000000 1.000000 1.000000 1.000000 1.000000 1.000000 1.000000 1.000000 1.000000 1.000000 1.000000 1.000000 1.000000 1.000000 1.000000 1.000000 1.000000 1.000000 1.000000 1.000000 1.000000 1.000000 1.000000 1.000000 1.000000 1.000000 1.000000 1.000000 1.000000 1.000000 1.000000 1.000000 1.000000 1.000000 1.000000 1.000000 1.000000 1.000000 1.000000 1.000000 1.000000 1.000000 1.000000 1.000000 1.000000 1.000000 1.000000 1.000000 1.000000 1.000000 1.000000 1.000000 1.000000 1.000000 1.000000 1.000000 1.000000 1.000000 1.000000 1.000000 1.000000 1.000000 1.000000 1.000000 1.000000 1.000000 1.000000 1.000000 1.000000 1.000000 1.000000 1.000000 1.000000 1.000000 </float_array>
					<technique_common>
						<accessor source="#geometry17-colors-array" count="84" stride="3">
							<param name="R" type="float" />
							<param name="G" type="float" />
							<param name="B" type="float" />
						</accessor>
					</technique_common>
				</source>
				<source id="geometry17-texcoords">
					<float_array id="geometry17-texcoords-array" count="168">0.358398 0.012695 0.359375 0.205566 0.216797 0.012695 0.216309 0.205566 0.216797 0.012695 0.359375 0.205566 0.216797 0.012695 0.216309 0.205566 0.082031 0.012695 0.082031 0.205566 0.082031 0.012695 0.216309 0.205566 0.441895 0.058105 0.372559 0.058105 0.441895 0.162598 0.372559 0.162598 0.441895 0.162598 0.372559 0.058105 0.441895 0.162598 0.372559 0.162598 0.441895 0.058105 0.372559 0.058105 0.441895 0.058105 0.372559 0.162598 0.357910 0.017578 0.357910 0.206543 0.216309 0.025879 0.216309 0.206543 0.216309 0.025879 0.357910 0.206543 0.216309 0.025879 0.216309 0.206543 0.081543 0.017578 0.081543 0.206543 0.081543 0.017578 0.216309 0.206543 0.359375 0.007324 0.358398 0.206055 0.216309 0.007324 0.216797 0.206055 0.216309 0.007324 0.358398 0.206055 0.216309 0.007324 0.216797 0.206055 0.082031 0.007324 0.082031 0.206055 0.082031 0.007324 0.216797 0.206055 0.372559 0.058105 0.441895 0.058105 0.377930 0.215332 0.441895 0.215332 0.377930 0.215332 0.441895 0.058105 0.377930 0.215332 0.441895 0.215332 0.372559 0.058105 0.441895 0.058105 0.372559 0.058105 0.441895 0.215332 0.372559 0.058105 0.377930 0.215332 0.441895 0.058105 0.441895 0.215332 0.441895 0.058105 0.377930 0.215332 0.441895 0.058105 0.441895 0.215332 0.372559 0.058105 0.377930 0.215332 0.372559 0.058105 0.441895 0.215332 0.377930 0.215332 0.372559 0.058105 0.441895 0.058105 0.441895 0.058105 0.441895 0.215332 0.377930 0.215332 0.372559 0.058105 0.377930 0.215332 0.441895 0.215332 0.441895 0.215332 0.441895 0.058105 0.372559 0.058105 </float_array>
					<technique_common>
						<accessor source="#geometry17-texcoords-array" count="84" stride="2">
							<param name="S" type="float" />
							<param name="T" type="float" />
						</accessor>
					</technique_common>
				</source>
				<vertices id="geometry17-vertices">
					<input semantic="POSITION" source="#geometry17-positions" />
				</vertices>
				<triangles material="#lambert11-material" count="28">
					<input semantic="VERTEX" source="#geometry17-vertices" offset="0" />
					<input semantic="NORMAL" source="#geometry17-normals" offset="1" />
					<input semantic="TEXCOORD" source="#geometry17-texcoords" offset="2" set="1" />
					<input semantic="COLOR" source="#geometry17-colors" offset="3" set="0" />
					<p>0 0 0 0 1 1 1 1 2 2 2 2 3 3 3 3 4 4 4 4 5 5 5 5 6 6 6 6 7 7 7 7 8 8 8 8 9 9 9 9 10 10 10 10 11 11 11 11 12 12 12 12 13 13 13 13 14 14 14 14 15 15 15 15 16 16 16 16 17 17 17 17 18 18 18 18 19 19 19 19 20 20 20 20 21 21 21 21 22 22 22 22 23 23 23 23 24 24 24 24 25 25 25 25 26 26 26 26 27 27 27 27 28 28 28 28 29 29 29 29 30 30 30 30 31 31 31 31 32 32 32 32 33 33 33 33 34 34 34 34 35 35 35 35 36 36 36 36 37 37 37 37 38 38 38 38 39 39 39 39 40 40 40 40 41 41 41 41 42 42 42 42 43 43 43 43 44 44 44 44 45 45 45 45 46 46 46 46 47 47 47 47 48 48 48 48 49 49 49 49 50 50 50 50 51 51 51 51 52 52 52 52 53 53 53 53 54 54 54 54 55 55 55 55 56 56 56 56 57 57 57 57 58 58 58 58 59 59 59 59 60 60 60 60 61 61 61 61 62 62 62 62 63 63 63 63 64 64 64 64 65 65 65 65 66 66 66 66 67 67 67 67 68 68 68 68 69 69 69 69 70 70 70 70 71 71 71 71 72 72 72 72 73 73 73 73 74 74 74 74 75 75 75 75 76 76 76 76 77 77 77 77 78 78 78 78 79 79 79 79 80 80 80 80 81 81 81 81 82 82 82 82 83 83 83 83 </p>
				</triangles>
			</mesh>
		</geometry>
		<geometry id="geometry18" name="geom18">
			<mesh>
				<source id="geometry18-positions">
					<float_array id="geometry18-positions-array" count="252">0.042725 -0.014893 0.000000 0.040771 -0.017090 -0.047607 0.000000 0.000000 0.000000 0.000000 -0.002686 -0.047607 0.000000 0.000000 0.000000 0.040771 -0.017090 -0.047607 0.000000 0.000000 0.000000 0.000000 -0.002686 -0.047607 -0.042969 -0.020508 0.000000 -0.041016 -0.022217 -0.047607 -0.042969 -0.020508 0.000000 0.000000 -0.002686 -0.047607 0.030762 -0.030029 0.000000 0.042725 -0.014893 0.000000 0.000000 -0.019287 0.000000 0.000000 0.000000 0.000000 0.000000 -0.019287 0.000000 0.042725 -0.014893 0.000000 0.000000 -0.019287 0.000000 0.000000 0.000000 0.000000 -0.031006 -0.034180 0.000000 -0.042969 -0.020508 0.000000 -0.031006 -0.034180 0.000000 0.000000 0.000000 0.000000 0.040771 -0.017090 -0.047607 0.032715 -0.025635 -0.064697 0.000000 -0.002686 -0.047607 0.000000 -0.014160 -0.064697 0.000000 -0.002686 -0.047607 0.032715 -0.025635 -0.064697 0.000000 -0.002686 -0.047607 0.000000 -0.014160 -0.064697 -0.041016 -0.022217 -0.047607 -0.032959 -0.030029 -0.064697 -0.041016 -0.022217 -0.047607 0.000000 -0.014160 -0.064697 0.032715 -0.025635 -0.064697 0.030273 -0.028076 -0.098389 0.000000 -0.014160 -0.064697 0.000000 -0.017578 -0.098389 0.000000 -0.014160 -0.064697 0.030273 -0.028076 -0.098389 0.000000 -0.014160 -0.064697 0.000000 -0.017578 -0.098389 -0.032959 -0.030029 -0.064697 -0.030518 -0.031982 -0.098389 -0.032959 -0.030029 -0.064697 0.000000 -0.017578 -0.098389 0.042725 -0.014893 0.000000 0.030762 -0.030029 0.000000 0.040771 -0.017090 -0.047607 0.030762 -0.029297 -0.047607 0.040771 -0.017090 -0.047607 0.030762 -0.030029 0.000000 0.040771 -0.017090 -0.047607 0.030762 -0.029297 -0.047607 0.032715 -0.025635 -0.064697 0.028320 -0.030273 -0.064697 0.032715 -0.025635 -0.064697 0.030762 -0.029297 -0.047607 -0.031006 -0.033447 -0.047607 -0.031006 -0.034180 0.000000 -0.041016 -0.022217 -0.047607 -0.042969 -0.020508 0.000000 -0.041016 -0.022217 -0.047607 -0.031006 -0.034180 0.000000 -0.028564 -0.033936 -0.064697 -0.031006 -0.033447 -0.047607 -0.032959 -0.030029 -0.064697 -0.041016 -0.022217 -0.047607 -0.032959 -0.030029 -0.064697 -0.031006 -0.033447 -0.047607 0.030273 -0.028076 -0.098389 0.032715 -0.025635 -0.064697 0.028320 -0.030273 -0.064697 0.028320 -0.030273 -0.064697 0.026367 -0.032227 -0.098389 0.030273 -0.028076 -0.098389 -0.032959 -0.030029 -0.064697 -0.030518 -0.031982 -0.098389 -0.026611 -0.035645 -0.098389 -0.026611 -0.035645 -0.098389 -0.028564 -0.033936 -0.064697 -0.032959 -0.030029 -0.064697 </float_array>
					<technique_common>
						<accessor source="#geometry18-positions-array" count="84" stride="3">
							<param name="X" type="float" />
							<param name="Y" type="float" />
							<param name="Z" type="float" />
						</accessor>
					</technique_common>
				</source>
				<source id="geometry18-normals">
					<float_array id="geometry18-normals-array" count="252">0.328613 0.942743 -0.056993 0.328613 0.942743 -0.056993 0.328613 0.942743 -0.056993 0.332645 0.941555 -0.053113 0.332645 0.941555 -0.053113 0.332645 0.941555 -0.053113 -0.430173 0.901314 -0.050843 -0.430173 0.901314 -0.050843 -0.430173 0.901314 -0.050843 -0.429396 0.901732 -0.049986 -0.429396 0.901732 -0.049986 -0.429396 0.901732 -0.049986 0.000000 -0.000000 1.000000 0.000000 -0.000000 1.000000 0.000000 -0.000000 1.000000 0.000000 0.000000 1.000000 0.000000 0.000000 1.000000 0.000000 0.000000 1.000000 0.000000 -0.000000 1.000000 0.000000 -0.000000 1.000000 0.000000 -0.000000 1.000000 -0.000000 0.000000 1.000000 -0.000000 0.000000 1.000000 -0.000000 0.000000 1.000000 0.282039 0.798314 -0.532118 0.282039 0.798314 -0.532118 0.282039 0.798314 -0.532118 0.279584 0.797113 -0.535204 0.279584 0.797113 -0.535204 0.279584 0.797113 -0.535204 -0.367655 0.772074 -0.518393 -0.367655 0.772074 -0.518393 -0.367655 0.772074 -0.518393 -0.369295 0.766998 -0.524724 -0.369295 0.766998 -0.524724 -0.369295 0.766998 -0.524724 0.329575 0.939639 -0.091972 0.329575 0.939639 -0.091972 0.329575 0.939639 -0.091972 0.326139 0.940494 -0.095412 0.326139 0.940494 -0.095412 0.326139 0.940494 -0.095412 -0.432015 0.897261 -0.091027 -0.432015 0.897261 -0.091027 -0.432015 0.897261 -0.091027 -0.425367 0.901201 -0.083067 -0.425367 0.901201 -0.083067 -0.425367 0.901201 -0.083067 0.784554 -0.620051 -0.003569 0.784554 -0.620051 -0.003569 0.784554 -0.620051 -0.003569 0.773231 -0.634049 -0.009755 0.773231 -0.634049 -0.009755 0.773231 -0.634049 -0.009755 0.772397 -0.633365 -0.047447 0.772397 -0.633365 -0.047447 0.772397 -0.633365 -0.047447 0.724452 -0.686323 -0.064275 0.724452 -0.686323 -0.064275 0.724452 -0.686323 -0.064275 -0.746474 -0.665336 -0.010236 -0.746474 -0.665336 -0.010236 -0.746474 -0.665336 -0.010236 -0.752557 -0.658487 -0.007236 -0.752557 -0.658487 -0.007236 -0.752557 -0.658487 -0.007236 -0.662574 -0.745396 -0.073356 -0.662574 -0.745396 -0.073356 -0.662574 -0.745396 -0.073356 -0.745663 -0.664613 -0.047704 -0.745663 -0.664613 -0.047704 -0.745663 -0.664613 -0.047704 0.725950 -0.687742 -0.002769 0.725950 -0.687742 -0.002769 0.725950 -0.687742 -0.002769 0.728198 -0.685363 -0.002483 0.728198 -0.685363 -0.002483 0.728198 -0.685363 -0.002483 -0.683923 -0.729518 -0.007269 -0.683923 -0.729518 -0.007269 -0.683923 -0.729518 -0.007269 -0.664364 -0.747409 -0.000602 -0.664364 -0.747409 -0.000602 -0.664364 -0.747409 -0.000602 </float_array>
					<technique_common>
						<accessor source="#geometry18-normals-array" count="84" stride="3">
							<param name="X" type="float" />
							<param name="Y" type="float" />
							<param name="Z" type="float" />
						</accessor>
					</technique_common>
				</source>
				<source id="geometry18-colors">
					<float_array id="geometry18-colors-array" count="252">1.000000 1.000000 1.000000 1.000000 1.000000 1.000000 1.000000 1.000000 1.000000 1.000000 1.000000 1.000000 1.000000 1.000000 1.000000 1.000000 1.000000 1.000000 1.000000 1.000000 1.000000 1.000000 1.000000 1.000000 1.000000 1.000000 1.000000 1.000000 1.000000 1.000000 1.000000 1.000000 1.000000 1.000000 1.000000 1.000000 1.000000 1.000000 1.000000 1.000000 1.000000 1.000000 1.000000 1.000000 1.000000 1.000000 1.000000 1.000000 1.000000 1.000000 1.000000 1.000000 1.000000 1.000000 1.000000 1.000000 1.000000 1.000000 1.000000 1.000000 1.000000 1.000000 1.000000 1.000000 1.000000 1.000000 1.000000 1.000000 1.000000 1.000000 1.000000 1.000000 1.000000 1.000000 1.000000 1.000000 1.000000 1.000000 1.000000 1.000000 1.000000 1.000000 1.000000 1.000000 1.000000 1.000000 1.000000 1.000000 1.000000 1.000000 1.000000 1.000000 1.000000 1.000000 1.000000 1.000000 1.000000 1.000000 1.000000 1.000000 1.000000 1.000000 1.000000 1.000000 1.000000 1.000000 1.000000 1.000000 1.000000 1.000000 1.000000 1.000000 1.000000 1.000000 1.000000 1.000000 1.000000 1.000000 1.000000 1.000000 1.000000 1.000000 1.000000 1.000000 1.000000 1.000000 1.000000 1.000000 1.000000 1.000000 1.000000 1.000000 1.000000 1.000000 1.000000 1.000000 1.000000 1.000000 1.000000 1.000000 1.000000 1.000000 1.000000 1.000000 1.000000 1.000000 1.000000 1.000000 1.000000 1.000000 1.000000 1.000000 1.000000 1.000000 1.000000 1.000000 1.000000 1.000000 1.000000 1.000000 1.000000 1.000000 1.000000 1.000000 1.000000 1.000000 1.000000 1.000000 1.000000 1.000000 1.000000 1.000000 1.000000 1.000000 1.000000 1.000000 1.000000 1.000000 1.000000 1.000000 1.000000 1.000000 1.000000 1.000000 1.000000 1.000000 1.000000 1.000000 1.000000 1.000000 1.000000 1.000000 1.000000 1.000000 1.000000 1.000000 1.000000 1.000000 1.000000 1.000000 1.000000 1.000000 1.000000 1.000000 1.000000 1.000000 1.000000 1.000000 1.000000 1.000000 1.000000 1.000000 1.000000 1.000000 1.000000 1.000000 1.000000 1.000000 1.000000 1.000000 1.000000 1.000000 1.000000 1.000000 1.000000 1.000000 1.000000 1.000000 1.000000 1.000000 1.000000 1.000000 1.000000 1.000000 1.000000 1.000000 1.000000 1.000000 1.000000 1.000000 1.000000 1.000000 1.000000 1.000000 1.000000 1.000000 1.000000 1.000000 1.000000 1.000000 1.000000 1.000000 </float_array>
					<technique_common>
						<accessor source="#geometry18-colors-array" count="84" stride="3">
							<param name="R" type="float" />
							<param name="G" type="float" />
							<param name="B" type="float" />
						</accessor>
					</technique_common>
				</source>
				<source id="geometry18-texcoords">
					<float_array id="geometry18-texcoords-array" count="168">0.358398 0.012695 0.359375 0.205566 0.216797 0.012695 0.216309 0.205566 0.216797 0.012695 0.359375 0.205566 0.216797 0.012695 0.216309 0.205566 0.082031 0.012695 0.082031 0.205566 0.082031 0.012695 0.216309 0.205566 0.441895 0.058105 0.372559 0.058105 0.441895 0.162598 0.372559 0.162598 0.441895 0.162598 0.372559 0.058105 0.441895 0.162598 0.372559 0.162598 0.441895 0.058105 0.372559 0.058105 0.441895 0.058105 0.372559 0.162598 0.357910 0.017578 0.357910 0.206543 0.216309 0.025879 0.216309 0.206543 0.216309 0.025879 0.357910 0.206543 0.216309 0.025879 0.216309 0.206543 0.081543 0.017578 0.081543 0.206543 0.081543 0.017578 0.216309 0.206543 0.359375 0.007324 0.358398 0.206055 0.216309 0.007324 0.216797 0.206055 0.216309 0.007324 0.358398 0.206055 0.216309 0.007324 0.216797 0.206055 0.082031 0.007324 0.082031 0.206055 0.082031 0.007324 0.216797 0.206055 0.372559 0.058105 0.441895 0.058105 0.372559 0.215332 0.441895 0.215332 0.372559 0.215332 0.441895 0.058105 0.372559 0.215332 0.441895 0.215332 0.372559 0.058105 0.441895 0.058105 0.372559 0.058105 0.441895 0.215332 0.441895 0.215332 0.441895 0.058105 0.372559 0.215332 0.372559 0.058105 0.372559 0.215332 0.441895 0.058105 0.441895 0.058105 0.441895 0.215332 0.372559 0.058105 0.372559 0.215332 0.372559 0.058105 0.441895 0.215332 0.372559 0.215332 0.372559 0.058105 0.441895 0.058105 0.441895 0.058105 0.441895 0.215332 0.372559 0.215332 0.372559 0.058105 0.372559 0.215332 0.441895 0.215332 0.441895 0.215332 0.441895 0.058105 0.372559 0.058105 </float_array>
					<technique_common>
						<accessor source="#geometry18-texcoords-array" count="84" stride="2">
							<param name="S" type="float" />
							<param name="T" type="float" />
						</accessor>
					</technique_common>
				</source>
				<vertices id="geometry18-vertices">
					<input semantic="POSITION" source="#geometry18-positions" />
				</vertices>
				<triangles material="#lambert11-material" count="28">
					<input semantic="VERTEX" source="#geometry18-vertices" offset="0" />
					<input semantic="NORMAL" source="#geometry18-normals" offset="1" />
					<input semantic="TEXCOORD" source="#geometry18-texcoords" offset="2" set="1" />
					<input semantic="COLOR" source="#geometry18-colors" offset="3" set="0" />
					<p>0 0 0 0 1 1 1 1 2 2 2 2 3 3 3 3 4 4 4 4 5 5 5 5 6 6 6 6 7 7 7 7 8 8 8 8 9 9 9 9 10 10 10 10 11 11 11 11 12 12 12 12 13 13 13 13 14 14 14 14 15 15 15 15 16 16 16 16 17 17 17 17 18 18 18 18 19 19 19 19 20 20 20 20 21 21 21 21 22 22 22 22 23 23 23 23 24 24 24 24 25 25 25 25 26 26 26 26 27 27 27 27 28 28 28 28 29 29 29 29 30 30 30 30 31 31 31 31 32 32 32 32 33 33 33 33 34 34 34 34 35 35 35 35 36 36 36 36 37 37 37 37 38 38 38 38 39 39 39 39 40 40 40 40 41 41 41 41 42 42 42 42 43 43 43 43 44 44 44 44 45 45 45 45 46 46 46 46 47 47 47 47 48 48 48 48 49 49 49 49 50 50 50 50 51 51 51 51 52 52 52 52 53 53 53 53 54 54 54 54 55 55 55 55 56 56 56 56 57 57 57 57 58 58 58 58 59 59 59 59 60 60 60 60 61 61 61 61 62 62 62 62 63 63 63 63 64 64 64 64 65 65 65 65 66 66 66 66 67 67 67 67 68 68 68 68 69 69 69 69 70 70 70 70 71 71 71 71 72 72 72 72 73 73 73 73 74 74 74 74 75 75 75 75 76 76 76 76 77 77 77 77 78 78 78 78 79 79 79 79 80 80 80 80 81 81 81 81 82 82 82 82 83 83 83 83 </p>
				</triangles>
			</mesh>
		</geometry>
		<geometry id="geometry19" name="geom19">
			<mesh>
				<source id="geometry19-positions">
					<float_array id="geometry19-positions-array" count="396">0.043457 -0.017822 0.000000 0.041748 -0.019775 -0.047607 0.023193 -0.004639 0.000000 0.022217 -0.007080 -0.047607 0.023193 -0.004639 0.000000 0.041748 -0.019775 -0.047607 0.023193 -0.004639 0.000000 0.022217 -0.007080 -0.047607 -0.000244 0.000000 0.000000 -0.000244 -0.002686 -0.047607 -0.000244 0.000000 0.000000 0.022217 -0.007080 -0.047607 -0.000244 0.000000 0.000000 -0.000244 -0.002686 -0.047607 -0.023193 -0.004639 0.000000 -0.021973 -0.007080 -0.047607 -0.023193 -0.004639 0.000000 -0.000244 -0.002686 -0.047607 -0.023193 -0.004639 0.000000 -0.021973 -0.007080 -0.047607 -0.041992 -0.017822 0.000000 -0.040039 -0.019775 -0.047607 -0.041992 -0.017822 0.000000 -0.021973 -0.007080 -0.047607 0.032471 -0.032227 0.000000 0.043457 -0.017822 0.000000 0.017822 -0.022705 0.000000 0.023193 -0.004639 0.000000 0.017822 -0.022705 0.000000 0.043457 -0.017822 0.000000 0.017822 -0.022705 0.000000 0.023193 -0.004639 0.000000 0.000977 -0.019531 0.000000 -0.000244 0.000000 0.000000 0.000977 -0.019531 0.000000 0.023193 -0.004639 0.000000 0.000977 -0.019531 0.000000 -0.000244 0.000000 0.000000 -0.015625 -0.022705 0.000000 -0.023193 -0.004639 0.000000 -0.015625 -0.022705 0.000000 -0.000244 0.000000 0.000000 -0.015625 -0.022705 0.000000 -0.023193 -0.004639 0.000000 -0.029053 -0.032227 0.000000 -0.041992 -0.017822 0.000000 -0.029053 -0.032227 0.000000 -0.023193 -0.004639 0.000000 0.041748 -0.019775 -0.047607 0.034180 -0.027832 -0.064697 0.022217 -0.007080 -0.047607 0.018555 -0.017822 -0.064697 0.022217 -0.007080 -0.047607 0.034180 -0.027832 -0.064697 0.022217 -0.007080 -0.047607 0.018555 -0.017822 -0.064697 -0.000244 -0.002686 -0.047607 0.000488 -0.014404 -0.064697 -0.000244 -0.002686 -0.047607 0.018555 -0.017822 -0.064697 -0.000244 -0.002686 -0.047607 0.000488 -0.014404 -0.064697 -0.021973 -0.007080 -0.047607 -0.016846 -0.017822 -0.064697 -0.021973 -0.007080 -0.047607 0.000488 -0.014404 -0.064697 -0.021973 -0.007080 -0.047607 -0.016846 -0.017822 -0.064697 -0.040039 -0.019775 -0.047607 -0.031250 -0.027832 -0.064697 -0.040039 -0.019775 -0.047607 -0.016846 -0.017822 -0.064697 0.034180 -0.027832 -0.064697 0.031982 -0.030029 -0.098389 0.018555 -0.017822 -0.064697 0.017334 -0.020752 -0.098389 0.018555 -0.017822 -0.064697 0.031982 -0.030029 -0.098389 0.018555 -0.017822 -0.064697 0.017334 -0.020752 -0.098389 0.000488 -0.014404 -0.064697 0.000732 -0.017578 -0.098389 0.000488 -0.014404 -0.064697 0.017334 -0.020752 -0.098389 0.000488 -0.014404 -0.064697 0.000732 -0.017578 -0.098389 -0.016846 -0.017822 -0.064697 -0.015381 -0.020752 -0.098389 -0.016846 -0.017822 -0.064697 0.000732 -0.017578 -0.098389 -0.016846 -0.017822 -0.064697 -0.015381 -0.020752 -0.098389 -0.031250 -0.027832 -0.064697 -0.028809 -0.030273 -0.098389 -0.031250 -0.027832 -0.064697 -0.015381 -0.020752 -0.098389 0.043457 -0.017822 0.000000 0.032471 -0.032227 0.000000 0.041748 -0.019775 -0.047607 0.032471 -0.031494 -0.047607 0.041748 -0.019775 -0.047607 0.032471 -0.032227 0.000000 0.041748 -0.019775 -0.047607 0.032471 -0.031494 -0.047607 0.034180 -0.027832 -0.064697 0.030273 -0.031982 -0.064697 0.034180 -0.027832 -0.064697 0.032471 -0.031494 -0.047607 -0.029297 -0.031494 -0.047607 -0.029053 -0.032227 0.000000 -0.040039 -0.019775 -0.047607 -0.041992 -0.017822 0.000000 -0.040039 -0.019775 -0.047607 -0.029053 -0.032227 0.000000 -0.026855 -0.032227 -0.064697 -0.029297 -0.031494 -0.047607 -0.031250 -0.027832 -0.064697 -0.040039 -0.019775 -0.047607 -0.031250 -0.027832 -0.064697 -0.029297 -0.031494 -0.047607 0.031982 -0.030029 -0.098389 0.034180 -0.027832 -0.064697 0.030273 -0.031982 -0.064697 0.030273 -0.031982 -0.064697 0.028320 -0.034180 -0.098389 0.031982 -0.030029 -0.098389 -0.031250 -0.027832 -0.064697 -0.028809 -0.030273 -0.098389 -0.024658 -0.034180 -0.098389 -0.024658 -0.034180 -0.098389 -0.026855 -0.032227 -0.064697 -0.031250 -0.027832 -0.064697 </float_array>
					<technique_common>
						<accessor source="#geometry19-positions-array" count="132" stride="3">
							<param name="X" type="float" />
							<param name="Y" type="float" />
							<param name="Z" type="float" />
						</accessor>
					</technique_common>
				</source>
				<source id="geometry19-normals">
					<float_array id="geometry19-normals-array" count="396">0.544551 0.836995 -0.053886 0.544551 0.836995 -0.053886 0.544551 0.836995 -0.053886 0.544190 0.837216 -0.054097 0.544190 0.837216 -0.054097 0.544190 0.837216 -0.054097 0.193865 0.979529 -0.054209 0.193865 0.979529 -0.054209 0.193865 0.979529 -0.054209 0.191718 0.979892 -0.055276 0.191718 0.979892 -0.055276 0.191718 0.979892 -0.055276 -0.197819 0.978683 -0.055208 -0.197819 0.978683 -0.055208 -0.197819 0.978683 -0.055208 -0.197931 0.978657 -0.055263 -0.197931 0.978657 -0.055263 -0.197931 0.978657 -0.055263 -0.573255 0.817419 -0.056618 -0.573255 0.817419 -0.056618 -0.573255 0.817419 -0.056618 -0.574009 0.816859 -0.057061 -0.574009 0.816859 -0.057061 -0.574009 0.816859 -0.057061 0.000000 -0.000000 1.000000 0.000000 -0.000000 1.000000 0.000000 -0.000000 1.000000 0.000000 0.000000 1.000000 0.000000 0.000000 1.000000 0.000000 0.000000 1.000000 0.000000 -0.000000 1.000000 0.000000 -0.000000 1.000000 0.000000 -0.000000 1.000000 0.000000 0.000000 1.000000 0.000000 0.000000 1.000000 0.000000 0.000000 1.000000 0.000000 0.000000 1.000000 0.000000 0.000000 1.000000 0.000000 0.000000 1.000000 -0.000000 0.000000 1.000000 -0.000000 0.000000 1.000000 -0.000000 0.000000 1.000000 0.000000 0.000000 1.000000 0.000000 0.000000 1.000000 0.000000 0.000000 1.000000 -0.000000 0.000000 1.000000 -0.000000 0.000000 1.000000 -0.000000 0.000000 1.000000 0.459733 0.707281 -0.537028 0.459733 0.707281 -0.537028 0.459733 0.707281 -0.537028 0.453339 0.707651 -0.541953 0.453339 0.707651 -0.541953 0.453339 0.707651 -0.541953 0.160400 0.819825 -0.549690 0.160400 0.819825 -0.549690 0.160400 0.819825 -0.549690 0.154733 0.817877 -0.554198 0.154733 0.817877 -0.554198 0.154733 0.817877 -0.554198 -0.163879 0.810289 -0.562650 -0.163879 0.810289 -0.562650 -0.163879 0.810289 -0.562650 -0.160367 0.813291 -0.559322 -0.160367 0.813291 -0.559322 -0.160367 0.813291 -0.559322 -0.473939 0.674452 -0.566123 -0.473939 0.674452 -0.566123 -0.473939 0.674452 -0.566123 -0.471757 0.678869 -0.562656 -0.471757 0.678869 -0.562656 -0.471757 0.678869 -0.562656 0.537251 0.838636 -0.089732 0.537251 0.838636 -0.089732 0.537251 0.838636 -0.089732 0.532761 0.841201 -0.092451 0.532761 0.841201 -0.092451 0.532761 0.841201 -0.092451 0.185107 0.978422 -0.091787 0.185107 0.978422 -0.091787 0.185107 0.978422 -0.091787 0.187000 0.978155 -0.090790 0.187000 0.978155 -0.090790 0.187000 0.978155 -0.090790 -0.192612 0.976818 -0.093415 -0.192612 0.976818 -0.093415 -0.192612 0.976818 -0.093415 -0.192413 0.976868 -0.093311 -0.192413 0.976868 -0.093311 -0.192413 0.976868 -0.093311 -0.568033 0.817414 -0.095777 -0.568033 0.817414 -0.095777 -0.568033 0.817414 -0.095777 -0.575499 0.811602 -0.100515 -0.575499 0.811602 -0.100515 -0.575499 0.811602 -0.100515 0.795117 -0.606445 -0.003663 0.795117 -0.606445 -0.003663 0.795117 -0.606445 -0.003663 0.784010 -0.620675 -0.009549 0.784010 -0.620675 -0.009549 0.784010 -0.620675 -0.009549 0.782880 -0.619780 -0.054522 0.782880 -0.619780 -0.054522 0.782880 -0.619780 -0.054522 0.726212 -0.683494 -0.073842 0.726212 -0.683494 -0.073842 0.726212 -0.683494 -0.073842 -0.737138 -0.675710 -0.006615 -0.737138 -0.675710 -0.006615 -0.737138 -0.675710 -0.006615 -0.743917 -0.668265 -0.003104 -0.743917 -0.668265 -0.003104 -0.743917 -0.668265 -0.003104 -0.705346 -0.705346 -0.070535 -0.705346 -0.705346 -0.070535 -0.705346 -0.705346 -0.070535 -0.735806 -0.674489 -0.060441 -0.735806 -0.674489 -0.060441 -0.735806 -0.674489 -0.060441 0.728197 -0.685362 -0.002794 0.728197 -0.685362 -0.002794 0.728197 -0.685362 -0.002794 0.749838 -0.661622 -0.000320 0.749838 -0.661622 -0.000320 0.749838 -0.661622 -0.000320 -0.685361 -0.728197 0.003104 -0.685361 -0.728197 0.003104 -0.685361 -0.728197 0.003104 -0.707098 -0.707098 -0.005124 -0.707098 -0.707098 -0.005124 -0.707098 -0.707098 -0.005124 </float_array>
					<technique_common>
						<accessor source="#geometry19-normals-array" count="132" stride="3">
							<param name="X" type="float" />
							<param name="Y" type="float" />
							<param name="Z" type="float" />
						</accessor>
					</technique_common>
				</source>
				<source id="geometry19-colors">
					<float_array id="geometry19-colors-array" count="396">1.000000 1.000000 1.000000 1.000000 1.000000 1.000000 1.000000 1.000000 1.000000 1.000000 1.000000 1.000000 1.000000 1.000000 1.000000 1.000000 1.000000 1.000000 1.000000 1.000000 1.000000 1.000000 1.000000 1.000000 1.000000 1.000000 1.000000 1.000000 1.000000 1.000000 1.000000 1.000000 1.000000 1.000000 1.000000 1.000000 1.000000 1.000000 1.000000 1.000000 1.000000 1.000000 1.000000 1.000000 1.000000 1.000000 1.000000 1.000000 1.000000 1.000000 1.000000 1.000000 1.000000 1.000000 1.000000 1.000000 1.000000 1.000000 1.000000 1.000000 1.000000 1.000000 1.000000 1.000000 1.000000 1.000000 1.000000 1.000000 1.000000 1.000000 1.000000 1.000000 1.000000 1.000000 1.000000 1.000000 1.000000 1.000000 1.000000 1.000000 1.000000 1.000000 1.000000 1.000000 1.000000 1.000000 1.000000 1.000000 1.000000 1.000000 1.000000 1.000000 1.000000 1.000000 1.000000 1.000000 1.000000 1.000000 1.000000 1.000000 1.000000 1.000000 1.000000 1.000000 1.000000 1.000000 1.000000 1.000000 1.000000 1.000000 1.000000 1.000000 1.000000 1.000000 1.000000 1.000000 1.000000 1.000000 1.000000 1.000000 1.000000 1.000000 1.000000 1.000000 1.000000 1.000000 1.000000 1.000000 1.000000 1.000000 1.000000 1.000000 1.000000 1.000000 1.000000 1.000000 1.000000 1.000000 1.000000 1.000000 1.000000 1.000000 1.000000 1.000000 1.000000 1.000000 1.000000 1.000000 1.000000 1.000000 1.000000 1.000000 1.000000 1.000000 1.000000 1.000000 1.000000 1.000000 1.000000 1.000000 1.000000 1.000000 1.000000 1.000000 1.000000 1.000000 1.000000 1.000000 1.000000 1.000000 1.000000 1.000000 1.000000 1.000000 1.000000 1.000000 1.000000 1.000000 1.000000 1.000000 1.000000 1.000000 1.000000 1.000000 1.000000 1.000000 1.000000 1.000000 1.000000 1.000000 1.000000 1.000000 1.000000 1.000000 1.000000 1.000000 1.000000 1.000000 1.000000 1.000000 1.000000 1.000000 1.000000 1.000000 1.000000 1.000000 1.000000 1.000000 1.000000 1.000000 1.000000 1.000000 1.000000 1.000000 1.000000 1.000000 1.000000 1.000000 1.000000 1.000000 1.000000 1.000000 1.000000 1.000000 1.000000 1.000000 1.000000 1.000000 1.000000 1.000000 1.000000 1.000000 1.000000 1.000000 1.000000 1.000000 1.000000 1.000000 1.000000 1.000000 1.000000 1.000000 1.000000 1.000000 1.000000 1.000000 1.000000 1.000000 1.000000 1.000000 1.000000 1.000000 1.000000 1.000000 1.000000 1.000000 1.000000 1.000000 1.000000 1.000000 1.000000 1.000000 1.000000 1.000000 1.000000 1.000000 1.000000 1.000000 1.000000 1.000000 1.000000 1.000000 1.000000 1.000000 1.000000 1.000000 1.000000 1.000000 1.000000 1.000000 1.000000 1.000000 1.000000 1.000000 1.000000 1.000000 1.000000 1.000000 1.000000 1.000000 1.000000 1.000000 1.000000 1.000000 1.000000 1.000000 1.000000 1.000000 1.000000 1.000000 1.000000 1.000000 1.000000 1.000000 1.000000 1.000000 1.000000 1.000000 1.000000 1.000000 1.000000 1.000000 1.000000 1.000000 1.000000 1.000000 1.000000 1.000000 1.000000 1.000000 1.000000 1.000000 1.000000 1.000000 1.000000 1.000000 1.000000 1.000000 1.000000 1.000000 1.000000 1.000000 1.000000 1.000000 1.000000 1.000000 1.000000 1.000000 1.000000 1.000000 1.000000 1.000000 1.000000 1.000000 1.000000 1.000000 1.000000 1.000000 1.000000 1.000000 1.000000 1.000000 1.000000 1.000000 1.000000 1.000000 1.000000 1.000000 1.000000 1.000000 1.000000 1.000000 1.000000 1.000000 1.000000 1.000000 1.000000 1.000000 1.000000 1.000000 1.000000 1.000000 1.000000 1.000000 1.000000 1.000000 1.000000 1.000000 1.000000 1.000000 1.000000 1.000000 1.000000 1.000000 1.000000 1.000000 1.000000 1.000000 1.000000 1.000000 1.000000 1.000000 1.000000 1.000000 1.000000 1.000000 </float_array>
					<technique_common>
						<accessor source="#geometry19-colors-array" count="132" stride="3">
							<param name="R" type="float" />
							<param name="G" type="float" />
							<param name="B" type="float" />
						</accessor>
					</technique_common>
				</source>
				<source id="geometry19-texcoords">
					<float_array id="geometry19-texcoords-array" count="264">0.358398 0.012695 0.359375 0.205566 0.286621 0.012695 0.285645 0.205566 0.286621 0.012695 0.359375 0.205566 0.286621 0.012695 0.285645 0.205566 0.216797 0.012695 0.216309 0.205566 0.216797 0.012695 0.285645 0.205566 0.216797 0.012695 0.216309 0.205566 0.147461 0.012695 0.146973 0.205566 0.147461 0.012695 0.216309 0.205566 0.147461 0.012695 0.146973 0.205566 0.082031 0.012695 0.082031 0.205566 0.082031 0.012695 0.146973 0.205566 0.441895 0.058105 0.372559 0.058105 0.441895 0.215332 0.372559 0.215332 0.441895 0.215332 0.372559 0.058105 0.441895 0.215332 0.372559 0.215332 0.441895 0.058105 0.372559 0.058105 0.441895 0.058105 0.372559 0.215332 0.441895 0.058105 0.372559 0.058105 0.441895 0.215332 0.372559 0.215332 0.441895 0.215332 0.372559 0.058105 0.441895 0.215332 0.372559 0.215332 0.441895 0.058105 0.372559 0.058105 0.441895 0.058105 0.372559 0.215332 0.357910 0.017578 0.357910 0.206543 0.285645 0.025879 0.285645 0.206543 0.285645 0.025879 0.357910 0.206543 0.285645 0.025879 0.285645 0.206543 0.216309 0.025879 0.216309 0.206543 0.216309 0.025879 0.285645 0.206543 0.216309 0.025879 0.216309 0.206543 0.146973 0.025879 0.146973 0.206543 0.146973 0.025879 0.216309 0.206543 0.146973 0.025879 0.146973 0.206543 0.081543 0.017578 0.081543 0.206543 0.081543 0.017578 0.146973 0.206543 0.359375 0.007324 0.358398 0.206055 0.285645 0.007324 0.286621 0.206055 0.285645 0.007324 0.358398 0.206055 0.285645 0.007324 0.286621 0.206055 0.216309 0.007324 0.216797 0.206055 0.216309 0.007324 0.286621 0.206055 0.216309 0.007324 0.216797 0.206055 0.146973 0.007324 0.147461 0.206055 0.146973 0.007324 0.216797 0.206055 0.146973 0.007324 0.147461 0.206055 0.082031 0.007324 0.082031 0.206055 0.082031 0.007324 0.147461 0.206055 0.372559 0.058105 0.441895 0.058105 0.372559 0.215332 0.441895 0.215332 0.372559 0.215332 0.441895 0.058105 0.372559 0.215332 0.441895 0.215332 0.372559 0.058105 0.441895 0.058105 0.372559 0.058105 0.441895 0.215332 0.441895 0.215332 0.441895 0.058105 0.372559 0.215332 0.372559 0.058105 0.372559 0.215332 0.441895 0.058105 0.441895 0.058105 0.441895 0.215332 0.372559 0.058105 0.372559 0.215332 0.372559 0.058105 0.441895 0.215332 0.372559 0.215332 0.372559 0.058105 0.441895 0.058105 0.441895 0.058105 0.441895 0.215332 0.372559 0.215332 0.372559 0.058105 0.372559 0.215332 0.441895 0.215332 0.441895 0.215332 0.441895 0.058105 0.372559 0.058105 </float_array>
					<technique_common>
						<accessor source="#geometry19-texcoords-array" count="132" stride="2">
							<param name="S" type="float" />
							<param name="T" type="float" />
						</accessor>
					</technique_common>
				</source>
				<vertices id="geometry19-vertices">
					<input semantic="POSITION" source="#geometry19-positions" />
				</vertices>
				<triangles material="#lambert11-material" count="44">
					<input semantic="VERTEX" source="#geometry19-vertices" offset="0" />
					<input semantic="NORMAL" source="#geometry19-normals" offset="1" />
					<input semantic="TEXCOORD" source="#geometry19-texcoords" offset="2" set="1" />
					<input semantic="COLOR" source="#geometry19-colors" offset="3" set="0" />
					<p>0 0 0 0 1 1 1 1 2 2 2 2 3 3 3 3 4 4 4 4 5 5 5 5 6 6 6 6 7 7 7 7 8 8 8 8 9 9 9 9 10 10 10 10 11 11 11 11 12 12 12 12 13 13 13 13 14 14 14 14 15 15 15 15 16 16 16 16 17 17 17 17 18 18 18 18 19 19 19 19 20 20 20 20 21 21 21 21 22 22 22 22 23 23 23 23 24 24 24 24 25 25 25 25 26 26 26 26 27 27 27 27 28 28 28 28 29 29 29 29 30 30 30 30 31 31 31 31 32 32 32 32 33 33 33 33 34 34 34 34 35 35 35 35 36 36 36 36 37 37 37 37 38 38 38 38 39 39 39 39 40 40 40 40 41 41 41 41 42 42 42 42 43 43 43 43 44 44 44 44 45 45 45 45 46 46 46 46 47 47 47 47 48 48 48 48 49 49 49 49 50 50 50 50 51 51 51 51 52 52 52 52 53 53 53 53 54 54 54 54 55 55 55 55 56 56 56 56 57 57 57 57 58 58 58 58 59 59 59 59 60 60 60 60 61 61 61 61 62 62 62 62 63 63 63 63 64 64 64 64 65 65 65 65 66 66 66 66 67 67 67 67 68 68 68 68 69 69 69 69 70 70 70 70 71 71 71 71 72 72 72 72 73 73 73 73 74 74 74 74 75 75 75 75 76 76 76 76 77 77 77 77 78 78 78 78 79 79 79 79 80 80 80 80 81 81 81 81 82 82 82 82 83 83 83 83 84 84 84 84 85 85 85 85 86 86 86 86 87 87 87 87 88 88 88 88 89 89 89 89 90 90 90 90 91 91 91 91 92 92 92 92 93 93 93 93 94 94 94 94 95 95 95 95 96 96 96 96 97 97 97 97 98 98 98 98 99 99 99 99 100 100 100 100 101 101 101 101 102 102 102 102 103 103 103 103 104 104 104 104 105 105 105 105 106 106 106 106 107 107 107 107 108 108 108 108 109 109 109 109 110 110 110 110 111 111 111 111 112 112 112 112 113 113 113 113 114 114 114 114 115 115 115 115 116 116 116 116 117 117 117 117 118 118 118 118 119 119 119 119 120 120 120 120 121 121 121 121 122 122 122 122 123 123 123 123 124 124 124 124 125 125 125 125 126 126 126 126 127 127 127 127 128 128 128 128 129 129 129 129 130 130 130 130 131 131 131 131 </p>
				</triangles>
			</mesh>
		</geometry>
		<geometry id="geometry20" name="geom20">
			<mesh>
				<source id="geometry20-positions">
					<float_array id="geometry20-positions-array" count="216">0.040039 0.042969 -0.259521 0.040039 0.042969 -0.269775 0.021484 0.056152 -0.259521 0.021484 0.056152 -0.269775 0.021484 0.056152 -0.259521 0.040039 0.042969 -0.269775 0.021484 0.056152 -0.259521 0.021484 0.056152 -0.269775 -0.000732 0.061035 -0.259521 -0.000732 0.061035 -0.269775 -0.000732 0.061035 -0.259521 0.021484 0.056152 -0.269775 -0.000732 0.061035 -0.259521 -0.000732 0.061035 -0.269775 -0.022705 0.056152 -0.259521 -0.022705 0.056152 -0.269775 -0.022705 0.056152 -0.259521 -0.000732 0.061035 -0.269775 -0.022705 0.056152 -0.259521 -0.022705 0.056152 -0.269775 -0.041504 0.042969 -0.259521 -0.041260 0.042969 -0.269775 -0.041504 0.042969 -0.259521 -0.022705 0.056152 -0.269775 -0.041504 0.042969 -0.259521 -0.041260 0.042969 -0.269775 -0.053955 0.022949 -0.259521 -0.053955 0.022949 -0.269775 -0.053955 0.022949 -0.259521 -0.041260 0.042969 -0.269775 0.035400 0.038086 -0.259521 0.040039 0.042969 -0.259521 0.018799 0.049805 -0.259521 0.021484 0.056152 -0.259521 0.018799 0.049805 -0.259521 0.040039 0.042969 -0.259521 0.018799 0.049805 -0.259521 0.021484 0.056152 -0.259521 -0.000732 0.053955 -0.259521 -0.000732 0.061035 -0.259521 -0.000732 0.053955 -0.259521 0.021484 0.056152 -0.259521 -0.000732 0.053955 -0.259521 -0.000732 0.061035 -0.259521 -0.020264 0.049805 -0.259521 -0.022705 0.056152 -0.259521 -0.020264 0.049805 -0.259521 -0.000732 0.061035 -0.259521 -0.020264 0.049805 -0.259521 -0.022705 0.056152 -0.259521 -0.036621 0.038086 -0.259521 -0.041504 0.042969 -0.259521 -0.036621 0.038086 -0.259521 -0.022705 0.056152 -0.259521 -0.036621 0.038086 -0.259521 -0.041504 0.042969 -0.259521 -0.047852 0.020264 -0.259521 -0.053955 0.022949 -0.259521 -0.047852 0.020264 -0.259521 -0.041504 0.042969 -0.259521 -0.041260 -0.043945 -0.269775 -0.051758 -0.010742 -0.259521 -0.058350 -0.000488 -0.269775 -0.053955 0.022949 -0.259521 -0.058350 -0.000488 -0.269775 -0.051758 -0.010742 -0.259521 -0.058350 -0.000488 -0.269775 -0.053955 0.022949 -0.259521 -0.053955 0.022949 -0.269775 -0.051758 -0.010742 -0.259521 -0.047852 0.020264 -0.259521 -0.053955 0.022949 -0.259521 </float_array>
					<technique_common>
						<accessor source="#geometry20-positions-array" count="72" stride="3">
							<param name="X" type="float" />
							<param name="Y" type="float" />
							<param name="Z" type="float" />
						</accessor>
					</technique_common>
				</source>
				<source id="geometry20-normals">
					<float_array id="geometry20-normals-array" count="216">0.579207 0.815180 0.000000 0.579207 0.815180 0.000000 0.579207 0.815180 0.000000 0.579207 0.815180 -0.000000 0.579207 0.815180 -0.000000 0.579207 0.815180 -0.000000 0.214657 0.976690 0.000000 0.214657 0.976690 0.000000 0.214657 0.976690 0.000000 0.214657 0.976690 -0.000000 0.214657 0.976690 -0.000000 0.214657 0.976690 -0.000000 -0.216930 0.976187 0.000000 -0.216930 0.976187 0.000000 -0.216930 0.976187 0.000000 -0.216930 0.976187 0.000000 -0.216930 0.976187 0.000000 -0.216930 0.976187 0.000000 -0.574176 0.818732 0.000000 -0.574176 0.818732 0.000000 -0.574176 0.818732 0.000000 -0.579152 0.815103 -0.013789 -0.579152 0.815103 -0.013789 -0.579152 0.815103 -0.013789 -0.848986 0.528028 -0.020214 -0.848986 0.528028 -0.020214 -0.848986 0.528028 -0.020214 -0.844509 0.535542 0.000000 -0.844509 0.535542 0.000000 -0.844509 0.535542 0.000000 0.000000 -0.000000 1.000000 0.000000 -0.000000 1.000000 0.000000 -0.000000 1.000000 0.000000 0.000000 1.000000 0.000000 0.000000 1.000000 0.000000 0.000000 1.000000 0.000000 -0.000000 1.000000 0.000000 -0.000000 1.000000 0.000000 -0.000000 1.000000 0.000000 0.000000 1.000000 0.000000 0.000000 1.000000 0.000000 0.000000 1.000000 0.000000 -0.000000 1.000000 0.000000 -0.000000 1.000000 0.000000 -0.000000 1.000000 -0.000000 0.000000 1.000000 -0.000000 0.000000 1.000000 -0.000000 0.000000 1.000000 0.000000 0.000000 1.000000 0.000000 0.000000 1.000000 0.000000 0.000000 1.000000 -0.000000 0.000000 1.000000 -0.000000 0.000000 1.000000 -0.000000 0.000000 1.000000 0.000000 0.000000 1.000000 0.000000 0.000000 1.000000 0.000000 0.000000 1.000000 -0.000000 0.000000 1.000000 -0.000000 0.000000 1.000000 -0.000000 0.000000 1.000000 -0.906491 -0.356485 0.226259 -0.906491 -0.356485 0.226259 -0.906491 -0.356485 0.226259 -0.864539 -0.056383 0.499392 -0.864539 -0.056383 0.499392 -0.864539 -0.056383 0.499392 -0.982872 0.184289 0.000000 -0.982872 0.184289 0.000000 -0.982872 0.184289 0.000000 0.000000 -0.000000 1.000000 0.000000 -0.000000 1.000000 0.000000 -0.000000 1.000000 </float_array>
					<technique_common>
						<accessor source="#geometry20-normals-array" count="72" stride="3">
							<param name="X" type="float" />
							<param name="Y" type="float" />
							<param name="Z" type="float" />
						</accessor>
					</technique_common>
				</source>
				<source id="geometry20-colors">
					<float_array id="geometry20-colors-array" count="216">1.000000 1.000000 1.000000 1.000000 1.000000 1.000000 1.000000 1.000000 1.000000 1.000000 1.000000 1.000000 1.000000 1.000000 1.000000 1.000000 1.000000 1.000000 1.000000 1.000000 1.000000 1.000000 1.000000 1.000000 1.000000 1.000000 1.000000 1.000000 1.000000 1.000000 1.000000 1.000000 1.000000 1.000000 1.000000 1.000000 1.000000 1.000000 1.000000 1.000000 1.000000 1.000000 1.000000 1.000000 1.000000 1.000000 1.000000 1.000000 1.000000 1.000000 1.000000 1.000000 1.000000 1.000000 1.000000 1.000000 1.000000 1.000000 1.000000 1.000000 1.000000 1.000000 1.000000 1.000000 1.000000 1.000000 1.000000 1.000000 1.000000 1.000000 1.000000 1.000000 1.000000 1.000000 1.000000 1.000000 1.000000 1.000000 1.000000 1.000000 1.000000 1.000000 1.000000 1.000000 1.000000 1.000000 1.000000 1.000000 1.000000 1.000000 1.000000 1.000000 1.000000 1.000000 1.000000 1.000000 1.000000 1.000000 1.000000 1.000000 1.000000 1.000000 1.000000 1.000000 1.000000 1.000000 1.000000 1.000000 1.000000 1.000000 1.000000 1.000000 1.000000 1.000000 1.000000 1.000000 1.000000 1.000000 1.000000 1.000000 1.000000 1.000000 1.000000 1.000000 1.000000 1.000000 1.000000 1.000000 1.000000 1.000000 1.000000 1.000000 1.000000 1.000000 1.000000 1.000000 1.000000 1.000000 1.000000 1.000000 1.000000 1.000000 1.000000 1.000000 1.000000 1.000000 1.000000 1.000000 1.000000 1.000000 1.000000 1.000000 1.000000 1.000000 1.000000 1.000000 1.000000 1.000000 1.000000 1.000000 1.000000 1.000000 1.000000 1.000000 1.000000 1.000000 1.000000 1.000000 1.000000 1.000000 1.000000 1.000000 1.000000 1.000000 1.000000 1.000000 1.000000 1.000000 1.000000 1.000000 1.000000 1.000000 1.000000 1.000000 1.000000 1.000000 1.000000 1.000000 1.000000 1.000000 1.000000 1.000000 1.000000 1.000000 1.000000 1.000000 1.000000 1.000000 1.000000 1.000000 1.000000 1.000000 1.000000 1.000000 1.000000 1.000000 1.000000 1.000000 1.000000 1.000000 1.000000 1.000000 1.000000 1.000000 1.000000 1.000000 </float_array>
					<technique_common>
						<accessor source="#geometry20-colors-array" count="72" stride="3">
							<param name="R" type="float" />
							<param name="G" type="float" />
							<param name="B" type="float" />
						</accessor>
					</technique_common>
				</source>
				<source id="geometry20-texcoords">
					<float_array id="geometry20-texcoords-array" count="144">0.073730 0.498047 0.007324 0.498047 0.073730 0.407715 0.006836 0.407715 0.073730 0.407715 0.007324 0.498047 0.073730 0.407715 0.006836 0.407715 0.073242 0.317383 0.006836 0.317383 0.073242 0.317383 0.006836 0.407715 0.073242 0.317383 0.006836 0.317383 0.073730 0.407715 0.006836 0.407715 0.073730 0.407715 0.006836 0.317383 0.073730 0.407715 0.006836 0.407715 0.073730 0.498047 0.007324 0.498047 0.073730 0.498047 0.006836 0.407715 0.073730 0.498047 0.007324 0.498047 0.073730 0.588379 0.007324 0.588379 0.073730 0.588379 0.007324 0.498047 0.441895 0.058105 0.372559 0.058105 0.441895 0.215332 0.372559 0.215332 0.441895 0.215332 0.372559 0.058105 0.441895 0.215332 0.372559 0.215332 0.441895 0.058105 0.372559 0.058105 0.441895 0.058105 0.372559 0.215332 0.441895 0.058105 0.372559 0.058105 0.441895 0.215332 0.372559 0.215332 0.441895 0.215332 0.372559 0.058105 0.441895 0.215332 0.372559 0.215332 0.441895 0.058105 0.372559 0.058105 0.441895 0.058105 0.372559 0.215332 0.441895 0.058105 0.372559 0.058105 0.441895 0.215332 0.372559 0.215332 0.441895 0.215332 0.372559 0.058105 0.007813 0.859863 0.074219 0.769043 0.007324 0.679199 0.073730 0.588379 0.007324 0.679199 0.074219 0.769043 0.007324 0.679199 0.073730 0.588379 0.007324 0.588379 0.407227 0.058105 0.441895 0.215332 0.372559 0.215332 </float_array>
					<technique_common>
						<accessor source="#geometry20-texcoords-array" count="72" stride="2">
							<param name="S" type="float" />
							<param name="T" type="float" />
						</accessor>
					</technique_common>
				</source>
				<vertices id="geometry20-vertices">
					<input semantic="POSITION" source="#geometry20-positions" />
				</vertices>
				<triangles material="#lambert11-material" count="24">
					<input semantic="VERTEX" source="#geometry20-vertices" offset="0" />
					<input semantic="NORMAL" source="#geometry20-normals" offset="1" />
					<input semantic="TEXCOORD" source="#geometry20-texcoords" offset="2" set="1" />
					<input semantic="COLOR" source="#geometry20-colors" offset="3" set="0" />
					<p>0 0 0 0 1 1 1 1 2 2 2 2 3 3 3 3 4 4 4 4 5 5 5 5 6 6 6 6 7 7 7 7 8 8 8 8 9 9 9 9 10 10 10 10 11 11 11 11 12 12 12 12 13 13 13 13 14 14 14 14 15 15 15 15 16 16 16 16 17 17 17 17 18 18 18 18 19 19 19 19 20 20 20 20 21 21 21 21 22 22 22 22 23 23 23 23 24 24 24 24 25 25 25 25 26 26 26 26 27 27 27 27 28 28 28 28 29 29 29 29 30 30 30 30 31 31 31 31 32 32 32 32 33 33 33 33 34 34 34 34 35 35 35 35 36 36 36 36 37 37 37 37 38 38 38 38 39 39 39 39 40 40 40 40 41 41 41 41 42 42 42 42 43 43 43 43 44 44 44 44 45 45 45 45 46 46 46 46 47 47 47 47 48 48 48 48 49 49 49 49 50 50 50 50 51 51 51 51 52 52 52 52 53 53 53 53 54 54 54 54 55 55 55 55 56 56 56 56 57 57 57 57 58 58 58 58 59 59 59 59 60 60 60 60 61 61 61 61 62 62 62 62 63 63 63 63 64 64 64 64 65 65 65 65 66 66 66 66 67 67 67 67 68 68 68 68 69 69 69 69 70 70 70 70 71 71 71 71 </p>
				</triangles>
			</mesh>
		</geometry>
		<geometry id="geometry21" name="geom21">
			<mesh>
				<source id="geometry21-positions">
					<float_array id="geometry21-positions-array" count="216">0.040039 0.042969 -0.242188 0.040039 0.042969 -0.252197 0.021484 0.056152 -0.242188 0.021484 0.056152 -0.252197 0.021484 0.056152 -0.242188 0.040039 0.042969 -0.252197 0.021484 0.056152 -0.242188 0.021484 0.056152 -0.252197 -0.000732 0.061035 -0.242188 -0.000732 0.061035 -0.252197 -0.000732 0.061035 -0.242188 0.021484 0.056152 -0.252197 -0.000732 0.061035 -0.242188 -0.000732 0.061035 -0.252197 -0.022705 0.056152 -0.242188 -0.022705 0.056152 -0.252197 -0.022705 0.056152 -0.242188 -0.000732 0.061035 -0.252197 -0.022705 0.056152 -0.242188 -0.022705 0.056152 -0.252197 -0.041504 0.042969 -0.242188 -0.041260 0.042969 -0.252197 -0.041504 0.042969 -0.242188 -0.022705 0.056152 -0.252197 -0.041504 0.042969 -0.242188 -0.041260 0.042969 -0.252197 -0.053955 0.022949 -0.242188 -0.053955 0.022949 -0.252197 -0.053955 0.022949 -0.242188 -0.041260 0.042969 -0.252197 0.035400 0.038086 -0.242188 0.040039 0.042969 -0.242188 0.018799 0.049805 -0.242188 0.021484 0.056152 -0.242188 0.018799 0.049805 -0.242188 0.040039 0.042969 -0.242188 0.018799 0.049805 -0.242188 0.021484 0.056152 -0.242188 -0.000732 0.053955 -0.242188 -0.000732 0.061035 -0.242188 -0.000732 0.053955 -0.242188 0.021484 0.056152 -0.242188 -0.000732 0.053955 -0.242188 -0.000732 0.061035 -0.242188 -0.020264 0.049805 -0.242188 -0.022705 0.056152 -0.242188 -0.020264 0.049805 -0.242188 -0.000732 0.061035 -0.242188 -0.020264 0.049805 -0.242188 -0.022705 0.056152 -0.242188 -0.036621 0.038086 -0.242188 -0.041504 0.042969 -0.242188 -0.036621 0.038086 -0.242188 -0.022705 0.056152 -0.242188 -0.036621 0.038086 -0.242188 -0.041504 0.042969 -0.242188 -0.047852 0.020264 -0.242188 -0.053955 0.022949 -0.242188 -0.047852 0.020264 -0.242188 -0.041504 0.042969 -0.242188 -0.041260 -0.043945 -0.252197 -0.051758 -0.010742 -0.242188 -0.058350 -0.000488 -0.252197 -0.053955 0.022949 -0.242188 -0.058350 -0.000488 -0.252197 -0.051758 -0.010742 -0.242188 -0.058350 -0.000488 -0.252197 -0.053955 0.022949 -0.242188 -0.053955 0.022949 -0.252197 -0.051758 -0.010742 -0.242188 -0.047852 0.020264 -0.242188 -0.053955 0.022949 -0.242188 </float_array>
					<technique_common>
						<accessor source="#geometry21-positions-array" count="72" stride="3">
							<param name="X" type="float" />
							<param name="Y" type="float" />
							<param name="Z" type="float" />
						</accessor>
					</technique_common>
				</source>
				<source id="geometry21-normals">
					<float_array id="geometry21-normals-array" count="216">0.579207 0.815180 0.000000 0.579207 0.815180 0.000000 0.579207 0.815180 0.000000 0.579207 0.815180 -0.000000 0.579207 0.815180 -0.000000 0.579207 0.815180 -0.000000 0.214657 0.976689 0.000000 0.214657 0.976689 0.000000 0.214657 0.976689 0.000000 0.214657 0.976689 -0.000000 0.214657 0.976689 -0.000000 0.214657 0.976689 -0.000000 -0.216930 0.976187 0.000000 -0.216930 0.976187 0.000000 -0.216930 0.976187 0.000000 -0.216930 0.976187 0.000000 -0.216930 0.976187 0.000000 -0.216930 0.976187 0.000000 -0.574176 0.818732 0.000000 -0.574176 0.818732 0.000000 -0.574176 0.818732 0.000000 -0.579149 0.815099 -0.014126 -0.579149 0.815099 -0.014126 -0.579149 0.815099 -0.014126 -0.848978 0.528023 -0.020707 -0.848978 0.528023 -0.020707 -0.848978 0.528023 -0.020707 -0.844509 0.535542 0.000000 -0.844509 0.535542 0.000000 -0.844509 0.535542 0.000000 0.000000 -0.000000 1.000000 0.000000 -0.000000 1.000000 0.000000 -0.000000 1.000000 0.000000 0.000000 1.000000 0.000000 0.000000 1.000000 0.000000 0.000000 1.000000 0.000000 -0.000000 1.000000 0.000000 -0.000000 1.000000 0.000000 -0.000000 1.000000 0.000000 0.000000 1.000000 0.000000 0.000000 1.000000 0.000000 0.000000 1.000000 0.000000 -0.000000 1.000000 0.000000 -0.000000 1.000000 0.000000 -0.000000 1.000000 -0.000000 0.000000 1.000000 -0.000000 0.000000 1.000000 -0.000000 0.000000 1.000000 0.000000 0.000000 1.000000 0.000000 0.000000 1.000000 0.000000 0.000000 1.000000 -0.000000 0.000000 1.000000 -0.000000 0.000000 1.000000 -0.000000 0.000000 1.000000 0.000000 0.000000 1.000000 0.000000 0.000000 1.000000 0.000000 0.000000 1.000000 -0.000000 0.000000 1.000000 -0.000000 0.000000 1.000000 -0.000000 0.000000 1.000000 -0.905347 -0.356035 0.231485 -0.905347 -0.356035 0.231485 -0.905347 -0.356035 0.231485 -0.859265 -0.056039 0.508452 -0.859265 -0.056039 0.508452 -0.859265 -0.056039 0.508452 -0.982872 0.184289 0.000000 -0.982872 0.184289 0.000000 -0.982872 0.184289 0.000000 0.000000 -0.000000 1.000000 0.000000 -0.000000 1.000000 0.000000 -0.000000 1.000000 </float_array>
					<technique_common>
						<accessor source="#geometry21-normals-array" count="72" stride="3">
							<param name="X" type="float" />
							<param name="Y" type="float" />
							<param name="Z" type="float" />
						</accessor>
					</technique_common>
				</source>
				<source id="geometry21-colors">
					<float_array id="geometry21-colors-array" count="216">1.000000 1.000000 1.000000 1.000000 1.000000 1.000000 1.000000 1.000000 1.000000 1.000000 1.000000 1.000000 1.000000 1.000000 1.000000 1.000000 1.000000 1.000000 1.000000 1.000000 1.000000 1.000000 1.000000 1.000000 1.000000 1.000000 1.000000 1.000000 1.000000 1.000000 1.000000 1.000000 1.000000 1.000000 1.000000 1.000000 1.000000 1.000000 1.000000 1.000000 1.000000 1.000000 1.000000 1.000000 1.000000 1.000000 1.000000 1.000000 1.000000 1.000000 1.000000 1.000000 1.000000 1.000000 1.000000 1.000000 1.000000 1.000000 1.000000 1.000000 1.000000 1.000000 1.000000 1.000000 1.000000 1.000000 1.000000 1.000000 1.000000 1.000000 1.000000 1.000000 1.000000 1.000000 1.000000 1.000000 1.000000 1.000000 1.000000 1.000000 1.000000 1.000000 1.000000 1.000000 1.000000 1.000000 1.000000 1.000000 1.000000 1.000000 1.000000 1.000000 1.000000 1.000000 1.000000 1.000000 1.000000 1.000000 1.000000 1.000000 1.000000 1.000000 1.000000 1.000000 1.000000 1.000000 1.000000 1.000000 1.000000 1.000000 1.000000 1.000000 1.000000 1.000000 1.000000 1.000000 1.000000 1.000000 1.000000 1.000000 1.000000 1.000000 1.000000 1.000000 1.000000 1.000000 1.000000 1.000000 1.000000 1.000000 1.000000 1.000000 1.000000 1.000000 1.000000 1.000000 1.000000 1.000000 1.000000 1.000000 1.000000 1.000000 1.000000 1.000000 1.000000 1.000000 1.000000 1.000000 1.000000 1.000000 1.000000 1.000000 1.000000 1.000000 1.000000 1.000000 1.000000 1.000000 1.000000 1.000000 1.000000 1.000000 1.000000 1.000000 1.000000 1.000000 1.000000 1.000000 1.000000 1.000000 1.000000 1.000000 1.000000 1.000000 1.000000 1.000000 1.000000 1.000000 1.000000 1.000000 1.000000 1.000000 1.000000 1.000000 1.000000 1.000000 1.000000 1.000000 1.000000 1.000000 1.000000 1.000000 1.000000 1.000000 1.000000 1.000000 1.000000 1.000000 1.000000 1.000000 1.000000 1.000000 1.000000 1.000000 1.000000 1.000000 1.000000 1.000000 1.000000 1.000000 1.000000 1.000000 1.000000 1.000000 1.000000 1.000000 </float_array>
					<technique_common>
						<accessor source="#geometry21-colors-array" count="72" stride="3">
							<param name="R" type="float" />
							<param name="G" type="float" />
							<param name="B" type="float" />
						</accessor>
					</technique_common>
				</source>
				<source id="geometry21-texcoords">
					<float_array id="geometry21-texcoords-array" count="144">0.073730 0.498047 0.007324 0.498047 0.073730 0.407715 0.006836 0.407715 0.073730 0.407715 0.007324 0.498047 0.073730 0.407715 0.006836 0.407715 0.073242 0.317383 0.006836 0.317383 0.073242 0.317383 0.006836 0.407715 0.073242 0.317383 0.006836 0.317383 0.073730 0.407715 0.006836 0.407715 0.073730 0.407715 0.006836 0.317383 0.073730 0.407715 0.006836 0.407715 0.073730 0.498047 0.007324 0.498047 0.073730 0.498047 0.006836 0.407715 0.073730 0.498047 0.007324 0.498047 0.073730 0.588379 0.007324 0.588379 0.073730 0.588379 0.007324 0.498047 0.441895 0.058105 0.372559 0.058105 0.441895 0.215332 0.377930 0.215332 0.441895 0.215332 0.372559 0.058105 0.441895 0.215332 0.377930 0.215332 0.441895 0.058105 0.372559 0.058105 0.441895 0.058105 0.377930 0.215332 0.441895 0.058105 0.372559 0.058105 0.441895 0.215332 0.377930 0.215332 0.441895 0.215332 0.372559 0.058105 0.441895 0.215332 0.377930 0.215332 0.441895 0.058105 0.372559 0.058105 0.441895 0.058105 0.377930 0.215332 0.441895 0.058105 0.372559 0.058105 0.441895 0.215332 0.377930 0.215332 0.441895 0.215332 0.372559 0.058105 0.007813 0.859863 0.074219 0.769043 0.007324 0.679199 0.073730 0.588379 0.007324 0.679199 0.074219 0.769043 0.007324 0.679199 0.073730 0.588379 0.007324 0.588379 0.441895 0.058105 0.441895 0.215332 0.377930 0.215332 </float_array>
					<technique_common>
						<accessor source="#geometry21-texcoords-array" count="72" stride="2">
							<param name="S" type="float" />
							<param name="T" type="float" />
						</accessor>
					</technique_common>
				</source>
				<vertices id="geometry21-vertices">
					<input semantic="POSITION" source="#geometry21-positions" />
				</vertices>
				<triangles material="#lambert11-material" count="24">
					<input semantic="VERTEX" source="#geometry21-vertices" offset="0" />
					<input semantic="NORMAL" source="#geometry21-normals" offset="1" />
					<input semantic="TEXCOORD" source="#geometry21-texcoords" offset="2" set="1" />
					<input semantic="COLOR" source="#geometry21-colors" offset="3" set="0" />
					<p>0 0 0 0 1 1 1 1 2 2 2 2 3 3 3 3 4 4 4 4 5 5 5 5 6 6 6 6 7 7 7 7 8 8 8 8 9 9 9 9 10 10 10 10 11 11 11 11 12 12 12 12 13 13 13 13 14 14 14 14 15 15 15 15 16 16 16 16 17 17 17 17 18 18 18 18 19 19 19 19 20 20 20 20 21 21 21 21 22 22 22 22 23 23 23 23 24 24 24 24 25 25 25 25 26 26 26 26 27 27 27 27 28 28 28 28 29 29 29 29 30 30 30 30 31 31 31 31 32 32 32 32 33 33 33 33 34 34 34 34 35 35 35 35 36 36 36 36 37 37 37 37 38 38 38 38 39 39 39 39 40 40 40 40 41 41 41 41 42 42 42 42 43 43 43 43 44 44 44 44 45 45 45 45 46 46 46 46 47 47 47 47 48 48 48 48 49 49 49 49 50 50 50 50 51 51 51 51 52 52 52 52 53 53 53 53 54 54 54 54 55 55 55 55 56 56 56 56 57 57 57 57 58 58 58 58 59 59 59 59 60 60 60 60 61 61 61 61 62 62 62 62 63 63 63 63 64 64 64 64 65 65 65 65 66 66 66 66 67 67 67 67 68 68 68 68 69 69 69 69 70 70 70 70 71 71 71 71 </p>
				</triangles>
			</mesh>
		</geometry>
		<geometry id="geometry22" name="geom22">
			<mesh>
				<source id="geometry22-positions">
					<float_array id="geometry22-positions-array" count="216">0.040039 0.042969 -0.224121 0.040039 0.042969 -0.234131 0.021484 0.056152 -0.224121 0.021484 0.056152 -0.234131 0.021484 0.056152 -0.224121 0.040039 0.042969 -0.234131 0.021484 0.056152 -0.224121 0.021484 0.056152 -0.234131 -0.000732 0.061035 -0.224121 -0.000732 0.061035 -0.234131 -0.000732 0.061035 -0.224121 0.021484 0.056152 -0.234131 -0.000732 0.061035 -0.224121 -0.000732 0.061035 -0.234131 -0.022705 0.056152 -0.224121 -0.022705 0.056152 -0.234131 -0.022705 0.056152 -0.224121 -0.000732 0.061035 -0.234131 -0.022705 0.056152 -0.224121 -0.022705 0.056152 -0.234131 -0.041504 0.042969 -0.224121 -0.041260 0.042969 -0.234131 -0.041504 0.042969 -0.224121 -0.022705 0.056152 -0.234131 -0.041504 0.042969 -0.224121 -0.041260 0.042969 -0.234131 -0.053955 0.022949 -0.224121 -0.053955 0.022949 -0.234131 -0.053955 0.022949 -0.224121 -0.041260 0.042969 -0.234131 0.035400 0.038086 -0.224121 0.040039 0.042969 -0.224121 0.018799 0.049805 -0.224121 0.021484 0.056152 -0.224121 0.018799 0.049805 -0.224121 0.040039 0.042969 -0.224121 0.018799 0.049805 -0.224121 0.021484 0.056152 -0.224121 -0.000732 0.053955 -0.224121 -0.000732 0.061035 -0.224121 -0.000732 0.053955 -0.224121 0.021484 0.056152 -0.224121 -0.000732 0.053955 -0.224121 -0.000732 0.061035 -0.224121 -0.020264 0.049805 -0.224121 -0.022705 0.056152 -0.224121 -0.020264 0.049805 -0.224121 -0.000732 0.061035 -0.224121 -0.020264 0.049805 -0.224121 -0.022705 0.056152 -0.224121 -0.036621 0.038086 -0.224121 -0.041504 0.042969 -0.224121 -0.036621 0.038086 -0.224121 -0.022705 0.056152 -0.224121 -0.036621 0.038086 -0.224121 -0.041504 0.042969 -0.224121 -0.047852 0.020264 -0.224121 -0.053955 0.022949 -0.224121 -0.047852 0.020264 -0.224121 -0.041504 0.042969 -0.224121 -0.041260 -0.043945 -0.234131 -0.051758 -0.010742 -0.224121 -0.058350 -0.000488 -0.234131 -0.053955 0.022949 -0.224121 -0.058350 -0.000488 -0.234131 -0.051758 -0.010742 -0.224121 -0.058350 -0.000488 -0.234131 -0.053955 0.022949 -0.224121 -0.053955 0.022949 -0.234131 -0.051758 -0.010742 -0.224121 -0.047852 0.020264 -0.224121 -0.053955 0.022949 -0.224121 </float_array>
					<technique_common>
						<accessor source="#geometry22-positions-array" count="72" stride="3">
							<param name="X" type="float" />
							<param name="Y" type="float" />
							<param name="Z" type="float" />
						</accessor>
					</technique_common>
				</source>
				<source id="geometry22-normals">
					<float_array id="geometry22-normals-array" count="216">0.579207 0.815180 0.000000 0.579207 0.815180 0.000000 0.579207 0.815180 0.000000 0.579207 0.815180 -0.000000 0.579207 0.815180 -0.000000 0.579207 0.815180 -0.000000 0.214657 0.976689 0.000000 0.214657 0.976689 0.000000 0.214657 0.976689 0.000000 0.214657 0.976689 -0.000000 0.214657 0.976689 -0.000000 0.214657 0.976689 -0.000000 -0.216930 0.976187 0.000000 -0.216930 0.976187 0.000000 -0.216930 0.976187 0.000000 -0.216930 0.976187 0.000000 -0.216930 0.976187 0.000000 -0.216930 0.976187 0.000000 -0.574176 0.818732 0.000000 -0.574176 0.818732 0.000000 -0.574176 0.818732 0.000000 -0.579149 0.815099 -0.014126 -0.579149 0.815099 -0.014126 -0.579149 0.815099 -0.014126 -0.848978 0.528023 -0.020707 -0.848978 0.528023 -0.020707 -0.848978 0.528023 -0.020707 -0.844509 0.535542 0.000000 -0.844509 0.535542 0.000000 -0.844509 0.535542 0.000000 0.000000 -0.000000 1.000000 0.000000 -0.000000 1.000000 0.000000 -0.000000 1.000000 0.000000 0.000000 1.000000 0.000000 0.000000 1.000000 0.000000 0.000000 1.000000 0.000000 -0.000000 1.000000 0.000000 -0.000000 1.000000 0.000000 -0.000000 1.000000 0.000000 0.000000 1.000000 0.000000 0.000000 1.000000 0.000000 0.000000 1.000000 0.000000 -0.000000 1.000000 0.000000 -0.000000 1.000000 0.000000 -0.000000 1.000000 -0.000000 0.000000 1.000000 -0.000000 0.000000 1.000000 -0.000000 0.000000 1.000000 0.000000 0.000000 1.000000 0.000000 0.000000 1.000000 0.000000 0.000000 1.000000 -0.000000 0.000000 1.000000 -0.000000 0.000000 1.000000 -0.000000 0.000000 1.000000 0.000000 0.000000 1.000000 0.000000 0.000000 1.000000 0.000000 0.000000 1.000000 -0.000000 0.000000 1.000000 -0.000000 0.000000 1.000000 -0.000000 0.000000 1.000000 -0.905347 -0.356035 0.231485 -0.905347 -0.356035 0.231485 -0.905347 -0.356035 0.231485 -0.859265 -0.056039 0.508452 -0.859265 -0.056039 0.508452 -0.859265 -0.056039 0.508452 -0.982872 0.184289 0.000000 -0.982872 0.184289 0.000000 -0.982872 0.184289 0.000000 0.000000 -0.000000 1.000000 0.000000 -0.000000 1.000000 0.000000 -0.000000 1.000000 </float_array>
					<technique_common>
						<accessor source="#geometry22-normals-array" count="72" stride="3">
							<param name="X" type="float" />
							<param name="Y" type="float" />
							<param name="Z" type="float" />
						</accessor>
					</technique_common>
				</source>
				<source id="geometry22-colors">
					<float_array id="geometry22-colors-array" count="216">1.000000 1.000000 1.000000 1.000000 1.000000 1.000000 1.000000 1.000000 1.000000 1.000000 1.000000 1.000000 1.000000 1.000000 1.000000 1.000000 1.000000 1.000000 1.000000 1.000000 1.000000 1.000000 1.000000 1.000000 1.000000 1.000000 1.000000 1.000000 1.000000 1.000000 1.000000 1.000000 1.000000 1.000000 1.000000 1.000000 1.000000 1.000000 1.000000 1.000000 1.000000 1.000000 1.000000 1.000000 1.000000 1.000000 1.000000 1.000000 1.000000 1.000000 1.000000 1.000000 1.000000 1.000000 1.000000 1.000000 1.000000 1.000000 1.000000 1.000000 1.000000 1.000000 1.000000 1.000000 1.000000 1.000000 1.000000 1.000000 1.000000 1.000000 1.000000 1.000000 1.000000 1.000000 1.000000 1.000000 1.000000 1.000000 1.000000 1.000000 1.000000 1.000000 1.000000 1.000000 1.000000 1.000000 1.000000 1.000000 1.000000 1.000000 1.000000 1.000000 1.000000 1.000000 1.000000 1.000000 1.000000 1.000000 1.000000 1.000000 1.000000 1.000000 1.000000 1.000000 1.000000 1.000000 1.000000 1.000000 1.000000 1.000000 1.000000 1.000000 1.000000 1.000000 1.000000 1.000000 1.000000 1.000000 1.000000 1.000000 1.000000 1.000000 1.000000 1.000000 1.000000 1.000000 1.000000 1.000000 1.000000 1.000000 1.000000 1.000000 1.000000 1.000000 1.000000 1.000000 1.000000 1.000000 1.000000 1.000000 1.000000 1.000000 1.000000 1.000000 1.000000 1.000000 1.000000 1.000000 1.000000 1.000000 1.000000 1.000000 1.000000 1.000000 1.000000 1.000000 1.000000 1.000000 1.000000 1.000000 1.000000 1.000000 1.000000 1.000000 1.000000 1.000000 1.000000 1.000000 1.000000 1.000000 1.000000 1.000000 1.000000 1.000000 1.000000 1.000000 1.000000 1.000000 1.000000 1.000000 1.000000 1.000000 1.000000 1.000000 1.000000 1.000000 1.000000 1.000000 1.000000 1.000000 1.000000 1.000000 1.000000 1.000000 1.000000 1.000000 1.000000 1.000000 1.000000 1.000000 1.000000 1.000000 1.000000 1.000000 1.000000 1.000000 1.000000 1.000000 1.000000 1.000000 1.000000 1.000000 1.000000 1.000000 1.000000 1.000000 </float_array>
					<technique_common>
						<accessor source="#geometry22-colors-array" count="72" stride="3">
							<param name="R" type="float" />
							<param name="G" type="float" />
							<param name="B" type="float" />
						</accessor>
					</technique_common>
				</source>
				<source id="geometry22-texcoords">
					<float_array id="geometry22-texcoords-array" count="144">0.073730 0.498047 0.007324 0.498047 0.073730 0.407715 0.006836 0.407715 0.073730 0.407715 0.007324 0.498047 0.073730 0.407715 0.006836 0.407715 0.073242 0.317383 0.006836 0.317383 0.073242 0.317383 0.006836 0.407715 0.073242 0.317383 0.006836 0.317383 0.073730 0.407715 0.006836 0.407715 0.073730 0.407715 0.006836 0.317383 0.073730 0.407715 0.006836 0.407715 0.073730 0.498047 0.007324 0.498047 0.073730 0.498047 0.006836 0.407715 0.073730 0.498047 0.007324 0.498047 0.073730 0.588379 0.007324 0.588379 0.073730 0.588379 0.007324 0.498047 0.441895 0.058105 0.372559 0.058105 0.441895 0.215332 0.377930 0.215332 0.441895 0.215332 0.372559 0.058105 0.441895 0.215332 0.377930 0.215332 0.441895 0.058105 0.372559 0.058105 0.441895 0.058105 0.377930 0.215332 0.441895 0.058105 0.372559 0.058105 0.441895 0.215332 0.377930 0.215332 0.441895 0.215332 0.372559 0.058105 0.441895 0.215332 0.377930 0.215332 0.441895 0.058105 0.372559 0.058105 0.441895 0.058105 0.377930 0.215332 0.441895 0.058105 0.372559 0.058105 0.441895 0.215332 0.377930 0.215332 0.441895 0.215332 0.372559 0.058105 0.007813 0.859863 0.074219 0.769043 0.007324 0.679199 0.073730 0.588379 0.007324 0.679199 0.074219 0.769043 0.007324 0.679199 0.073730 0.588379 0.007324 0.588379 0.441895 0.058105 0.441895 0.215332 0.377930 0.215332 </float_array>
					<technique_common>
						<accessor source="#geometry22-texcoords-array" count="72" stride="2">
							<param name="S" type="float" />
							<param name="T" type="float" />
						</accessor>
					</technique_common>
				</source>
				<vertices id="geometry22-vertices">
					<input semantic="POSITION" source="#geometry22-positions" />
				</vertices>
				<triangles material="#lambert11-material" count="24">
					<input semantic="VERTEX" source="#geometry22-vertices" offset="0" />
					<input semantic="NORMAL" source="#geometry22-normals" offset="1" />
					<input semantic="TEXCOORD" source="#geometry22-texcoords" offset="2" set="1" />
					<input semantic="COLOR" source="#geometry22-colors" offset="3" set="0" />
					<p>0 0 0 0 1 1 1 1 2 2 2 2 3 3 3 3 4 4 4 4 5 5 5 5 6 6 6 6 7 7 7 7 8 8 8 8 9 9 9 9 10 10 10 10 11 11 11 11 12 12 12 12 13 13 13 13 14 14 14 14 15 15 15 15 16 16 16 16 17 17 17 17 18 18 18 18 19 19 19 19 20 20 20 20 21 21 21 21 22 22 22 22 23 23 23 23 24 24 24 24 25 25 25 25 26 26 26 26 27 27 27 27 28 28 28 28 29 29 29 29 30 30 30 30 31 31 31 31 32 32 32 32 33 33 33 33 34 34 34 34 35 35 35 35 36 36 36 36 37 37 37 37 38 38 38 38 39 39 39 39 40 40 40 40 41 41 41 41 42 42 42 42 43 43 43 43 44 44 44 44 45 45 45 45 46 46 46 46 47 47 47 47 48 48 48 48 49 49 49 49 50 50 50 50 51 51 51 51 52 52 52 52 53 53 53 53 54 54 54 54 55 55 55 55 56 56 56 56 57 57 57 57 58 58 58 58 59 59 59 59 60 60 60 60 61 61 61 61 62 62 62 62 63 63 63 63 64 64 64 64 65 65 65 65 66 66 66 66 67 67 67 67 68 68 68 68 69 69 69 69 70 70 70 70 71 71 71 71 </p>
				</triangles>
			</mesh>
		</geometry>
	</library_geometries>
	<library_effects>
		<effect id="GlowBlue-effect">
			<profile_COMMON>
				<newparam sid="GlowBlue-surface">
					<surface type="2D">
						<init_from>GlowBlue</init_from>
					</surface>
				</newparam>
				<newparam sid="GlowBlue-sampler">
					<sampler2D>
						<source>GlowBlue-surface</source>
					</sampler2D>
				</newparam>
				<technique sid="common">
					<phong>
						<emission>
							<color sid="emission">0 0 0 1</color>
						</emission>
						<ambient>
							<color sid="ambient">0.5 0.5 0.5 1</color>
						</ambient>
						<diffuse>
							<texture texture="GlowBlue-sampler" texcoord="UVMap" />
						</diffuse>
						<specular>
							<color sid="specular">0.0 0.0 0.0 1</color>
						</specular>
						<shininess>
							<float sid="shininess">5</float>
						</shininess>
						<index_of_refraction>
							<float sid="index_of_refraction">1</float>
						</index_of_refraction>
					</phong>
				</technique>
			</profile_COMMON>
		</effect>
		<effect id="GlowGreen-effect">
			<profile_COMMON>
				<newparam sid="GlowGreen-surface">
					<surface type="2D">
						<init_from>GlowBlue</init_from>
					</surface>
				</newparam>
				<newparam sid="GlowGreen-sampler">
					<sampler2D>
						<source>GlowGreen-surface</source>
					</sampler2D>
				</newparam>
				<technique sid="common">
					<phong>
						<emission>
							<color sid="emission">0 0 0 1</color>
						</emission>
						<ambient>
							<color sid="ambient">0.5 0.5 0.5 1</color>
						</ambient>
						<diffuse>
							<texture texture="GlowGreen-sampler" texcoord="UVMap" />
						</diffuse>
						<specular>
							<color sid="specular">0.0 0.0 0.0 1</color>
						</specular>
						<shininess>
							<float sid="shininess">5</float>
						</shininess>
						<index_of_refraction>
							<float sid="index_of_refraction">1</float>
						</index_of_refraction>
					</phong>
				</technique>
			</profile_COMMON>
		</effect>
		<effect id="GlowOrange-effect">
			<profile_COMMON>
				<newparam sid="GlowOrange-surface">
					<surface type="2D">
						<init_from>GlowBlue</init_from>
					</surface>
				</newparam>
				<newparam sid="GlowOrange-sampler">
					<sampler2D>
						<source>GlowOrange-surface</source>
					</sampler2D>
				</newparam>
				<technique sid="common">
					<phong>
						<emission>
							<color sid="emission">0 0 0 1</color>
						</emission>
						<ambient>
							<color sid="ambient">0.5 0.5 0.5 1</color>
						</ambient>
						<diffuse>
							<texture texture="GlowOrange-sampler" texcoord="UVMap" />
						</diffuse>
						<specular>
							<color sid="specular">0.0 0.0 0.0 1</color>
						</specular>
						<shininess>
							<float sid="shininess">5</float>
						</shininess>
						<index_of_refraction>
							<float sid="index_of_refraction">1</float>
						</index_of_refraction>
					</phong>
				</technique>
			</profile_COMMON>
		</effect>
		<effect id="GlowRed-effect">
			<profile_COMMON>
				<newparam sid="GlowRed-surface">
					<surface type="2D">
						<init_from>GlowBlue</init_from>
					</surface>
				</newparam>
				<newparam sid="GlowRed-sampler">
					<sampler2D>
						<source>GlowRed-surface</source>
					</sampler2D>
				</newparam>
				<technique sid="common">
					<phong>
						<emission>
							<color sid="emission">0 0 0 1</color>
						</emission>
						<ambient>
							<color sid="ambient">0.5 0.5 0.5 1</color>
						</ambient>
						<diffuse>
							<texture texture="GlowRed-sampler" texcoord="UVMap" />
						</diffuse>
						<specular>
							<color sid="specular">0.0 0.0 0.0 1</color>
						</specular>
						<shininess>
							<float sid="shininess">5</float>
						</shininess>
						<index_of_refraction>
							<float sid="index_of_refraction">1</float>
						</index_of_refraction>
					</phong>
				</technique>
			</profile_COMMON>
		</effect>
		<effect id="GlowYellow-effect">
			<profile_COMMON>
				<newparam sid="GlowYellow-surface">
					<surface type="2D">
						<init_from>GlowBlue</init_from>
					</surface>
				</newparam>
				<newparam sid="GlowYellow-sampler">
					<sampler2D>
						<source>GlowYellow-surface</source>
					</sampler2D>
				</newparam>
				<technique sid="common">
					<phong>
						<emission>
							<color sid="emission">0 0 0 1</color>
						</emission>
						<ambient>
							<color sid="ambient">0.5 0.5 0.5 1</color>
						</ambient>
						<diffuse>
							<texture texture="GlowYellow-sampler" texcoord="UVMap" />
						</diffuse>
						<specular>
							<color sid="specular">0.0 0.0 0.0 1</color>
						</specular>
						<shininess>
							<float sid="shininess">5</float>
						</shininess>
						<index_of_refraction>
							<float sid="index_of_refraction">1</float>
						</index_of_refraction>
					</phong>
				</technique>
			</profile_COMMON>
		</effect>
		<effect id="lambert10-effect">
			<profile_COMMON>
				<newparam sid="lambert10-surface">
					<surface type="2D">
						<init_from>lambert10</init_from>
					</surface>
				</newparam>
				<newparam sid="lambert10-sampler">
					<sampler2D>
						<source>lambert10-surface</source>
					</sampler2D>
				</newparam>
				<technique sid="common">
					<phong>
						<emission>
							<color sid="emission">0 0 0 1</color>
						</emission>
						<ambient>
							<color sid="ambient">0.5 0.5 0.5 1</color>
						</ambient>
						<diffuse>
							<texture texture="lambert10-sampler" texcoord="UVMap" />
						</diffuse>
						<specular>
							<color sid="specular">0.0 0.0 0.0 1</color>
						</specular>
						<shininess>
							<float sid="shininess">5</float>
						</shininess>
						<index_of_refraction>
							<float sid="index_of_refraction">1</float>
						</index_of_refraction>
					</phong>
				</technique>
			</profile_COMMON>
		</effect>
		<effect id="lambert11-effect">
			<profile_COMMON>
				<newparam sid="lambert11-surface">
					<surface type="2D">
						<init_from>lambert11</init_from>
					</surface>
				</newparam>
				<newparam sid="lambert11-sampler">
					<sampler2D>
						<source>lambert11-surface</source>
					</sampler2D>
				</newparam>
				<technique sid="common">
					<phong>
						<emission>
							<color sid="emission">0 0 0 1</color>
						</emission>
						<ambient>
							<color sid="ambient">0.5 0.5 0.5 1</color>
						</ambient>
						<diffuse>
							<texture texture="lambert11-sampler" texcoord="UVMap" />
						</diffuse>
						<specular>
							<color sid="specular">0.0 0.0 0.0 1</color>
						</specular>
						<shininess>
							<float sid="shininess">5</float>
						</shininess>
						<index_of_refraction>
							<float sid="index_of_refraction">1</float>
						</index_of_refraction>
					</phong>
				</technique>
			</profile_COMMON>
		</effect>
	</library_effects>
	<library_visual_scenes>
		<visual_scene id="Scene" name="Scene">
			<node id="geom1_obj" type="NODE">
				<instance_geometry url="#geometry1">
					<bind_material>
						<technique_common>
							<instance_material symbol="lambert11-material" target="#lambert11-material">
								<bind_vertex_input semantic="UVMap" input_semantic="TEXCOORD" input_set="0" />
							</instance_material>
						</technique_common>
					</bind_material>
				</instance_geometry>
			</node>
			<node id="geom2_obj" type="NODE">
				<instance_geometry url="#geometry2">
					<bind_material>
						<technique_common>
							<instance_material symbol="lambert10-material" target="#lambert10-material">
								<bind_vertex_input semantic="UVMap" input_semantic="TEXCOORD" input_set="0" />
							</instance_material>
						</technique_common>
					</bind_material>
				</instance_geometry>
			</node>
			<node id="geom3_obj" type="NODE">
				<instance_geometry url="#geometry3">
					<bind_material>
						<technique_common>
							<instance_material symbol="lambert10-material" target="#lambert10-material">
								<bind_vertex_input semantic="UVMap" input_semantic="TEXCOORD" input_set="0" />
							</instance_material>
						</technique_common>
					</bind_material>
				</instance_geometry>
			</node>
			<node id="geom4_obj" type="NODE">
				<instance_geometry url="#geometry4">
					<bind_material>
						<technique_common>
							<instance_material symbol="lambert11-material" target="#lambert11-material">
								<bind_vertex_input semantic="UVMap" input_semantic="TEXCOORD" input_set="0" />
							</instance_material>
						</technique_common>
					</bind_material>
				</instance_geometry>
			</node>
			<node id="geom5_obj" type="NODE">
				<instance_geometry url="#geometry5">
					<bind_material>
						<technique_common>
							<instance_material symbol="lambert10-material" target="#lambert10-material">
								<bind_vertex_input semantic="UVMap" input_semantic="TEXCOORD" input_set="0" />
							</instance_material>
						</technique_common>
					</bind_material>
				</instance_geometry>
			</node>
			<node id="geom6_obj" type="NODE">
				<instance_geometry url="#geometry6">
					<bind_material>
						<technique_common>
							<instance_material symbol="lambert11-material" target="#lambert11-material">
								<bind_vertex_input semantic="UVMap" input_semantic="TEXCOORD" input_set="0" />
							</instance_material>
						</technique_common>
					</bind_material>
				</instance_geometry>
			</node>
			<node id="geom7_obj" type="NODE">
				<instance_geometry url="#geometry7">
					<bind_material>
						<technique_common>
							<instance_material symbol="lambert11-material" target="#lambert11-material">
								<bind_vertex_input semantic="UVMap" input_semantic="TEXCOORD" input_set="0" />
							</instance_material>
						</technique_common>
					</bind_material>
				</instance_geometry>
			</node>
			<node id="geom8_obj" type="NODE">
				<instance_geometry url="#geometry8">
					<bind_material>
						<technique_common>
							<instance_material symbol="lambert11-material" target="#lambert11-material">
								<bind_vertex_input semantic="UVMap" input_semantic="TEXCOORD" input_set="0" />
							</instance_material>
						</technique_common>
					</bind_material>
				</instance_geometry>
			</node>
			<node id="geom9_obj" type="NODE">
				<instance_geometry url="#geometry9">
					<bind_material>
						<technique_common>
							<instance_material symbol="GlowBlue-material" target="#GlowBlue-material">
								<bind_vertex_input semantic="UVMap" input_semantic="TEXCOORD" input_set="0" />
							</instance_material>
						</technique_common>
					</bind_material>
				</instance_geometry>
			</node>
			<node id="geom10_obj" type="NODE">
				<instance_geometry url="#geometry10">
					<bind_material>
						<technique_common>
							<instance_material symbol="GlowGreen-material" target="#GlowGreen-material">
								<bind_vertex_input semantic="UVMap" input_semantic="TEXCOORD" input_set="0" />
							</instance_material>
						</technique_common>
					</bind_material>
				</instance_geometry>
			</node>
			<node id="geom11_obj" type="NODE">
				<instance_geometry url="#geometry11">
					<bind_material>
						<technique_common>
							<instance_material symbol="GlowOrange-material" target="#GlowOrange-material">
								<bind_vertex_input semantic="UVMap" input_semantic="TEXCOORD" input_set="0" />
							</instance_material>
						</technique_common>
					</bind_material>
				</instance_geometry>
			</node>
			<node id="geom12_obj" type="NODE">
				<instance_geometry url="#geometry12">
					<bind_material>
						<technique_common>
							<instance_material symbol="GlowRed-material" target="#GlowRed-material">
								<bind_vertex_input semantic="UVMap" input_semantic="TEXCOORD" input_set="0" />
							</instance_material>
						</technique_common>
					</bind_material>
				</instance_geometry>
			</node>
			<node id="geom13_obj" type="NODE">
				<instance_geometry url="#geometry13">
					<bind_material>
						<technique_common>
							<instance_material symbol="GlowYellow-material" target="#GlowYellow-material">
								<bind_vertex_input semantic="UVMap" input_semantic="TEXCOORD" input_set="0" />
							</instance_material>
						</technique_common>
					</bind_material>
				</instance_geometry>
			</node>
			<node id="geom14_obj" type="NODE">
				<instance_geometry url="#geometry14">
					<bind_material>
						<technique_common>
							<instance_material symbol="lambert10-material" target="#lambert10-material">
								<bind_vertex_input semantic="UVMap" input_semantic="TEXCOORD" input_set="0" />
							</instance_material>
						</technique_common>
					</bind_material>
				</instance_geometry>
			</node>
			<node id="geom15_obj" type="NODE">
				<instance_geometry url="#geometry15">
					<bind_material>
						<technique_common>
							<instance_material symbol="lambert11-material" target="#lambert11-material">
								<bind_vertex_input semantic="UVMap" input_semantic="TEXCOORD" input_set="0" />
							</instance_material>
						</technique_common>
					</bind_material>
				</instance_geometry>
			</node>
			<node id="geom16_obj" type="NODE">
				<instance_geometry url="#geometry16">
					<bind_material>
						<technique_common>
							<instance_material symbol="lambert11-material" target="#lambert11-material">
								<bind_vertex_input semantic="UVMap" input_semantic="TEXCOORD" input_set="0" />
							</instance_material>
						</technique_common>
					</bind_material>
				</instance_geometry>
			</node>
			<node id="geom17_obj" type="NODE">
				<instance_geometry url="#geometry17">
					<bind_material>
						<technique_common>
							<instance_material symbol="lambert11-material" target="#lambert11-material">
								<bind_vertex_input semantic="UVMap" input_semantic="TEXCOORD" input_set="0" />
							</instance_material>
						</technique_common>
					</bind_material>
				</instance_geometry>
			</node>
			<node id="geom18_obj" type="NODE">
				<instance_geometry url="#geometry18">
					<bind_material>
						<technique_common>
							<instance_material symbol="lambert11-material" target="#lambert11-material">
								<bind_vertex_input semantic="UVMap" input_semantic="TEXCOORD" input_set="0" />
							</instance_material>
						</technique_common>
					</bind_material>
				</instance_geometry>
			</node>
			<node id="geom19_obj" type="NODE">
				<instance_geometry url="#geometry19">
					<bind_material>
						<technique_common>
							<instance_material symbol="lambert11-material" target="#lambert11-material">
								<bind_vertex_input semantic="UVMap" input_semantic="TEXCOORD" input_set="0" />
							</instance_material>
						</technique_common>
					</bind_material>
				</instance_geometry>
			</node>
			<node id="geom20_obj" type="NODE">
				<instance_geometry url="#geometry20">
					<bind_material>
						<technique_common>
							<instance_material symbol="lambert11-material" target="#lambert11-material">
								<bind_vertex_input semantic="UVMap" input_semantic="TEXCOORD" input_set="0" />
							</instance_material>
						</technique_common>
					</bind_material>
				</instance_geometry>
			</node>
			<node id="geom21_obj" type="NODE">
				<instance_geometry url="#geometry21">
					<bind_material>
						<technique_common>
							<instance_material symbol="lambert11-material" target="#lambert11-material">
								<bind_vertex_input semantic="UVMap" input_semantic="TEXCOORD" input_set="0" />
							</instance_material>
						</technique_common>
					</bind_material>
				</instance_geometry>
			</node>
			<node id="geom22_obj" type="NODE">
				<instance_geometry url="#geometry22">
					<bind_material>
						<technique_common>
							<instance_material symbol="lambert11-material" target="#lambert11-material">
								<bind_vertex_input semantic="UVMap" input_semantic="TEXCOORD" input_set="0" />
							</instance_material>
						</technique_common>
					</bind_material>
				</instance_geometry>
			</node>
		</visual_scene>
	</library_visual_scenes>
</COLLADA>